"THD Ratio",,,
Ch1,,Ch2,
X,Y,X,Y
Hz,%,Hz,%
13.8888888888889,0.113664997693144,13.8888888888889,0.156285983827576
27.7777777777778,0.114970397351989,27.7777777777778,0.137642670763078
41.6666666666667,0.121172798489363,41.6666666666667,0.102803566239523
55.5555555555556,0.144832988672026,55.5555555555556,0.135595324724643
69.4444444444444,0.176447463484429,69.4444444444444,0.164583979774708
83.3333333333333,0.192097636277706,83.3333333333333,0.139616439844633
97.2222222222222,0.169436663597165,97.2222222222222,0.185499370829884
111.111111111111,0.112741766237944,111.111111111111,0.148924602106571
125,0.109974729357983,125,0.127919966798799
138.888888888889,0.126735567822457,138.888888888889,0.149185944163261
152.777777777778,0.164234156652229,152.777777777778,0.09545787036106
166.666666666667,0.16930049235131,166.666666666667,0.168822686603769
180.555555555556,0.170189867314837,180.555555555556,0.110002076556544
194.444444444444,0.134977148700805,194.444444444444,0.149464992521969
208.333333333333,0.123116730506851,208.333333333333,0.0810650800080694
222.222222222222,0.122724488088593,222.222222222222,0.12503892112859
236.111111111111,0.103214048124697,236.111111111111,0.0781065877726728
250,0.108320531785505,250,0.095043426339977
263.888888888889,0.0951587149194538,263.888888888889,0.0937956945670388
277.777777777778,0.0838791541284701,277.777777777778,0.081996090415327
291.666666666667,0.0624373510256346,291.666666666667,0.0720597057354802
305.555555555556,0.0939935101752682,305.555555555556,0.0762275430456038
319.444444444444,0.111597005025591,319.444444444444,0.0745890518091042
333.333333333333,0.122849593707919,333.333333333333,0.0701153103248055
347.222222222222,0.0715144404973659,347.222222222222,0.0705661031108672
361.111111111111,0.065516277282918,361.111111111111,0.0674950603269663
375,0.0726635851758988,375,0.0757123391301042
388.888888888889,0.0414259478174238,388.888888888889,0.0379432947875613
402.777777777778,0.043335574321031,402.777777777778,0.0391032505829331
416.666666666667,0.0496086067517159,416.666666666667,0.046669505145183
430.555555555556,0.070424607165341,430.555555555556,0.0638919632783086
444.444444444444,0.0558798911305983,444.444444444444,0.0504568752702551
458.333333333333,0.0466096797954059,458.333333333333,0.0377608739587268
472.222222222222,0.0417388395797251,472.222222222222,0.0338541708366237
486.111111111111,0.0542030927385186,486.111111111111,0.0464557717534033
500,0.0532874873374983,500,0.0445814654253207
513.888888888889,0.0400309599314281,513.888888888889,0.0438272030215542
527.777777777778,0.0422295441896929,527.777777777778,0.0438111219994215
541.666666666667,0.0507065842362729,541.666666666667,0.0381265614265368
555.555555555556,0.0523478322867428,555.555555555556,0.0488453450351544
569.444444444444,0.0409454535895888,569.444444444444,0.0382341313456616
583.333333333333,0.0346405697397536,583.333333333333,0.0581726090613984
597.222222222222,0.0427026313416361,597.222222222222,0.0671441242896584
611.111111111111,0.0656825915441793,611.111111111111,0.0440808363654596
625,0.0673998252398478,625,0.0401366106821869
638.888888888889,0.0563984609127826,638.888888888889,0.0474016342592093
652.777777777778,0.0444099388918995,652.777777777778,0.0497462251753179
666.666666666667,0.0417819616649893,666.666666666667,0.0505280330383731
680.555555555556,0.0452745828399388,680.555555555556,0.0472342705813816
694.444444444444,0.0472284387983328,694.444444444444,0.0446698592791556
708.333333333333,0.04133298075879,708.333333333333,0.0543538565758987
722.222222222222,0.0425615983363524,722.222222222222,0.0579732456170578
736.111111111111,0.0537397622448432,736.111111111111,0.0477580818946856
750,0.0501750235344632,750,0.0481351701878895
763.888888888889,0.0489953767190124,763.888888888889,0.0387648335665815
777.777777777778,0.0477186036572756,777.777777777778,0.0319183993635034
791.666666666667,0.0504527204297185,791.666666666667,0.0360745326102681
805.555555555556,0.0564218297556867,805.555555555556,0.0412412228741862
819.444444444444,0.0528857124029091,819.444444444444,0.0560130267636452
833.333333333333,0.0525816787243141,833.333333333333,0.0554504606458934
847.222222222222,0.0482930105938642,847.222222222222,0.0457411789799817
861.111111111111,0.0436008143899643,861.111111111111,0.0393845473022919
875,0.0591410653326099,875,0.0402802333836284
888.888888888889,0.0591129426148714,888.888888888889,0.0503699047705339
902.777777777778,0.047108348102135,902.777777777778,0.0469044195433289
916.666666666667,0.0430169977066858,916.666666666667,0.0499095311344359
930.555555555556,0.0438980324674229,930.555555555556,0.0647819639251276
944.444444444444,0.0576043538264995,944.444444444444,0.0617550197524051
958.333333333333,0.0689961617446501,958.333333333333,0.0571931831031147
972.222222222222,0.0707223991513928,972.222222222222,0.05732016293362
986.111111111111,0.0602085502650752,986.111111111111,0.0517310107448236
1000,0.0467219515286849,1000,0.0462229812284071
1013.88888888889,0.0523773843056584,1013.88888888889,0.043948216854974
1027.77777777778,0.0670750692281821,1027.77777777778,0.0495967152733702
1041.66666666667,0.0685688609729304,1041.66666666667,0.0577393038033568
1055.55555555556,0.0553267741019595,1055.55555555556,0.0601559180777641
1069.44444444444,0.0461085652654252,1069.44444444444,0.058487199293564
1083.33333333333,0.0435438113817899,1083.33333333333,0.0582317616895688
1097.22222222222,0.0452396213903975,1097.22222222222,0.0643928197440895
1111.11111111111,0.0535826885392056,1111.11111111111,0.0674298401675139
1125,0.0676057928987547,1125,0.0630754890240946
1138.88888888889,0.071766652104099,1138.88888888889,0.0599641372031713
1152.77777777778,0.0586837802080536,1152.77777777778,0.0586919794729124
1166.66666666667,0.0558590429245773,1166.66666666667,0.0575644076656537
1180.55555555556,0.0567792970233186,1180.55555555556,0.0554681251108027
1194.44444444444,0.0533691850649146,1194.44444444444,0.0625601257999921
1208.33333333333,0.0535989747523467,1208.33333333333,0.0717434177444369
1222.22222222222,0.052815646618023,1222.22222222222,0.0701357198016032
1236.11111111111,0.0565017423291004,1236.11111111111,0.0664429043431755
1250,0.0584297625674323,1250,0.0689022237245008
1263.88888888889,0.0591215332021844,1263.88888888889,0.0710512511424723
1277.77777777778,0.0553569884117715,1277.77777777778,0.0681338622194513
1291.66666666667,0.0515841408032064,1291.66666666667,0.0600547185736793
1305.55555555556,0.0545205499976518,1305.55555555556,0.0570130030297668
1319.44444444444,0.0671988636400456,1319.44444444444,0.0609893282009498
1333.33333333333,0.078888434337852,1333.33333333333,0.0625870379561554
1347.22222222222,0.0834304083937246,1347.22222222222,0.0690465776583796
1361.11111111111,0.0858314211244119,1361.11111111111,0.0730731018407916
1375,0.0724122981538658,1375,0.0711242752793051
1388.88888888889,0.0524006397610064,1388.88888888889,0.0666630489604271
1402.77777777778,0.0423481968321279,1402.77777777778,0.0537738083023768
1416.66666666667,0.0546872288258008,1416.66666666667,0.0475542212860547
1430.55555555556,0.0726649193044082,1430.55555555556,0.0545294886283799
1444.44444444444,0.0755978150779457,1444.44444444444,0.0566412084541415
1458.33333333333,0.0737017682185823,1458.33333333333,0.0599483780855948
1472.22222222222,0.0631823091411531,1472.22222222222,0.0675502867276843
1486.11111111111,0.0609688264149702,1486.11111111111,0.0704584112873028
1500,0.0660374085026835,1500,0.0670395875225457
1513.88888888889,0.0675706106592269,1513.88888888889,0.0556855305525895
1527.77777777778,0.0691255911653208,1527.77777777778,0.0503722500428542
1541.66666666667,0.0599815479547956,1541.66666666667,0.060000756192384
1555.55555555556,0.0549958154137066,1555.55555555556,0.0695845837983212
1569.44444444444,0.0547698876169956,1569.44444444444,0.0727360812641293
1583.33333333333,0.0506943690502138,1583.33333333333,0.0677566349024664
1597.22222222222,0.0521546715135,1597.22222222222,0.0605242699042477
1611.11111111111,0.0471334286591912,1611.11111111111,0.06320471391995
1625,0.0418139140476164,1625,0.0698221343690776
1638.88888888889,0.05013170150592,1638.88888888889,0.06234741660954
1652.77777777778,0.0585140373446408,1652.77777777778,0.046821570322507
1666.66666666667,0.0674097013855632,1666.66666666667,0.045635687687651
1680.55555555556,0.0799638629841753,1680.55555555556,0.0601327284311572
1694.44444444444,0.0726185406023855,1694.44444444444,0.0701473873910481
1708.33333333333,0.0563209175594657,1708.33333333333,0.0642612898327061
1722.22222222222,0.0611926622830143,1722.22222222222,0.0530218068953071
1736.11111111111,0.0645726504621389,1736.11111111111,0.056968343878004
1750,0.0634753607331505,1750,0.0655989044608154
1763.88888888889,0.0583697444978965,1763.88888888889,0.0643291410679981
1777.77777777778,0.0476706299155418,1777.77777777778,0.0593402388758993
1791.66666666667,0.0383134428548221,1791.66666666667,0.0611738970765232
1805.55555555556,0.0453945908859065,1805.55555555556,0.0600648125318428
1819.44444444444,0.0606874554316089,1819.44444444444,0.0533824902053173
1833.33333333333,0.0610377002885767,1833.33333333333,0.0491759195403969
1847.22222222222,0.0501322118838833,1847.22222222222,0.0464866594694807
1861.11111111111,0.0432737595436492,1861.11111111111,0.0506135606503176
1875,0.0524325253326093,1875,0.0604844145396958
1888.88888888889,0.0642472874107217,1888.88888888889,0.0646955523736907
1902.77777777778,0.0651387806897702,1902.77777777778,0.0621019464158199
1916.66666666667,0.056581178625144,1916.66666666667,0.0531180330003454
1930.55555555556,0.0476071121967582,1930.55555555556,0.0488437168440352
1944.44444444444,0.0482784635088166,1944.44444444444,0.0617562905943732
1958.33333333333,0.0513099972057233,1958.33333333333,0.0667855627468992
1972.22222222222,0.0581219326223391,1972.22222222222,0.0640885920375601
1986.11111111111,0.0636481063618653,1986.11111111111,0.0650724993522492
2000,0.0573296179106203,2000,0.0554355033813386
2013.88888888889,0.0486705863417269,2013.88888888889,0.0456255332354145
2027.77777777778,0.0492013932093354,2027.77777777778,0.0456111574735904
2041.66666666667,0.0486994098202504,2041.66666666667,0.044424244136108
2055.55555555556,0.0459398987136789,2055.55555555556,0.0461742119753989
2069.44444444444,0.0464416352214867,2069.44444444444,0.0438913630224363
2083.33333333333,0.0500213056520428,2083.33333333333,0.0412949363526769
2097.22222222222,0.0501254589100916,2097.22222222222,0.0429445558759551
2111.11111111111,0.0441728789710435,2111.11111111111,0.0446572926357504
2125,0.0416552819825678,2125,0.0449548778345012
2138.88888888889,0.0492350864790378,2138.88888888889,0.0401474151951165
2152.77777777778,0.058939571308954,2152.77777777778,0.0395643391771019
2166.66666666667,0.0610811215658805,2166.66666666667,0.0452878840268573
2180.55555555556,0.0582288878375828,2180.55555555556,0.0497602676188408
2194.44444444444,0.0552252462460105,2194.44444444444,0.0501165528705608
2208.33333333333,0.0534732746197093,2208.33333333333,0.0427472288051526
2222.22222222222,0.0540201656681333,2222.22222222222,0.0342782292550015
2236.11111111111,0.0508389747951778,2236.11111111111,0.0336050014197736
2250,0.0446893274631442,2250,0.0356654685773585
2263.88888888889,0.0457765437243731,2263.88888888889,0.0386104812784243
2277.77777777778,0.0522597287568337,2277.77777777778,0.0387721955069073
2291.66666666667,0.0529774919804328,2291.66666666667,0.0363215896705271
2305.55555555556,0.0484946197739268,2305.55555555556,0.0376592440982412
2319.44444444444,0.0420509135636465,2319.44444444444,0.0424524701672988
2333.33333333333,0.0401008783193067,2333.33333333333,0.0470966189725315
2347.22222222222,0.0479737615677118,2347.22222222222,0.0464977342217325
2361.11111111111,0.0527680925574879,2361.11111111111,0.0409946888831148
2375,0.0530988476681474,2375,0.0355548251596866
2388.88888888889,0.054648548684786,2388.88888888889,0.0351153541289131
2402.77777777778,0.0535819822608519,2402.77777777778,0.0387939764842297
2416.66666666667,0.0509036345174866,2416.66666666667,0.0360304608729722
2430.55555555556,0.0497301304784251,2430.55555555556,0.0304125813535057
2444.44444444444,0.0437663571830299,2444.44444444444,0.0309033099028306
2458.33333333333,0.0371692799478424,2458.33333333333,0.0350834746213495
2472.22222222222,0.0367182361300502,2472.22222222222,0.0405106950482429
2486.11111111111,0.0389947695478422,2486.11111111111,0.0420664587472343
2500,0.0448329280929226,2500,0.0366500686926357
2513.88888888889,0.0471602076982491,2513.88888888889,0.0314321202547188
2527.77777777778,0.0440108840856903,2527.77777777778,0.0282423099954214
2541.66666666667,0.0397260363407343,2541.66666666667,0.0252440828671805
2555.55555555556,0.0347073252542929,2555.55555555556,0.0286294877716982
2569.44444444444,0.030800802823932,2569.44444444444,0.0271378306188263
2583.33333333333,0.0266992956774305,2583.33333333333,0.0243566253929833
2597.22222222222,0.0208251488544426,2597.22222222222,0.0262712142902931
2611.11111111111,0.0195722459369397,2611.11111111111,0.0284841541611096
2625,0.0239081324616406,2625,0.03328984096683
2638.88888888889,0.0290061976455978,2638.88888888889,0.0356084293013935
2652.77777777778,0.0344925514255239,2652.77777777778,0.0372500633471556
2666.66666666667,0.0374639342310055,2666.66666666667,0.0407213043529361
2680.55555555556,0.0350440832190774,2680.55555555556,0.0429402677634037
2694.44444444444,0.0315175846941827,2694.44444444444,0.0447782054496968
2708.33333333333,0.0251270511023529,2708.33333333333,0.0462262176879022
2722.22222222222,0.0186593176157888,2722.22222222222,0.0419987472421265
2736.11111111111,0.021645014193984,2736.11111111111,0.0369517617409139
2750,0.0266463037962703,2750,0.035352886066979
2763.88888888889,0.0251800330614371,2763.88888888889,0.0334850632805045
2777.77777777778,0.0204784420689329,2777.77777777778,0.0341243436080171
2791.66666666667,0.020225209690491,2791.66666666667,0.0345898361221465
2805.55555555556,0.0196625821067966,2805.55555555556,0.0341507458435216
2819.44444444444,0.0185289530922105,2819.44444444444,0.0311286804798754
2833.33333333333,0.0183624174631884,2833.33333333333,0.0306266138021025
2847.22222222222,0.0198026619585584,2847.22222222222,0.0329586428222507
2861.11111111111,0.0214452133436972,2861.11111111111,0.03739635705083
2875,0.0213765999018978,2875,0.040512467248739
2888.88888888889,0.0237137248898676,2888.88888888889,0.0346255270005744
2902.77777777778,0.0251702488188775,2902.77777777778,0.0265277010477926
2916.66666666667,0.0238502748046739,2916.66666666667,0.029133175315588
2930.55555555556,0.0232476628977836,2930.55555555556,0.0383263529351356
2944.44444444444,0.0279453654693653,2944.44444444444,0.0392634428433786
2958.33333333333,0.0288007062555762,2958.33333333333,0.0345957313787403
2972.22222222222,0.0323158163491082,2972.22222222222,0.0323784389626651
2986.11111111111,0.0386275241736292,2986.11111111111,0.0284038956524279
3000,0.0318696500286069,3000,0.0308878135041958
3013.88888888889,0.025653654043795,3013.88888888889,0.0354429593025406
3027.77777777778,0.028935223639846,3027.77777777778,0.0362983833970465
3041.66666666667,0.0295071451509007,3041.66666666667,0.0352898100521566
3055.55555555556,0.0346641464120735,3055.55555555556,0.0316481311954012
3069.44444444444,0.04278128542645,3069.44444444444,0.0308082896601843
3083.33333333333,0.0421342165393169,3083.33333333333,0.0296882340010274
3097.22222222222,0.0386327915489354,3097.22222222222,0.0380618697303975
3111.11111111111,0.0378133526982431,3111.11111111111,0.0514653512126293
3125,0.0341896180274837,3125,0.0554786181529458
3138.88888888889,0.0392049913414383,3138.88888888889,0.0520027041424784
3152.77777777778,0.0458377979223965,3152.77777777778,0.0502967570717052
3166.66666666667,0.0519033338301022,3166.66666666667,0.0551063724563289
3180.55555555556,0.0616500755064835,3180.55555555556,0.0595780423922363
3194.44444444444,0.0643218083513969,3194.44444444444,0.0554509473004125
3208.33333333333,0.0582447523488277,3208.33333333333,0.0480882215704898
3222.22222222222,0.0538401746274356,3222.22222222222,0.0474581309712774
3236.11111111111,0.0513886110062643,3236.11111111111,0.0554290993827735
3250,0.0523462253175728,3250,0.0665944496047865
3263.88888888889,0.0597056830949347,3263.88888888889,0.0686128182590433
3277.77777777778,0.0620710460619087,3277.77777777778,0.061453888536695
3291.66666666667,0.0581233565644317,3291.66666666667,0.0524346131603303
3305.55555555556,0.0534341845838153,3305.55555555556,0.0519340211431402
3319.44444444444,0.057038244038748,3319.44444444444,0.0624975221052535
3333.33333333333,0.0599337361926114,3333.33333333333,0.0702604574905097
3347.22222222222,0.0574023746837006,3347.22222222222,0.0672732740350625
3361.11111111111,0.061302121632318,3361.11111111111,0.0557509617705978
3375,0.0632150875130489,3375,0.0518793311771197
3388.88888888889,0.0661114930476486,3388.88888888889,0.0623371641819623
3402.77777777778,0.0700929858724292,3402.77777777778,0.070062888977545
3416.66666666667,0.068145715236078,3416.66666666667,0.062995952222846
3430.55555555556,0.0638341179206626,3430.55555555556,0.0456099288231218
3444.44444444444,0.0628299240616482,3444.44444444444,0.036098333270966
3458.33333333333,0.0692104354304722,3458.33333333333,0.0465228335331857
3472.22222222222,0.0719428200130108,3472.22222222222,0.0598017952248183
3486.11111111111,0.0690632917638044,3486.11111111111,0.06317012689159
3500,0.0651320112226834,3500,0.0569175345265413
3513.88888888889,0.0604299383081694,3513.88888888889,0.0478468089007897
3527.77777777778,0.0596143212279795,3527.77777777778,0.0462659149167812
3541.66666666667,0.0620903447682074,3541.66666666667,0.0503969261544438
3555.55555555556,0.0622523395398948,3555.55555555556,0.048233164533287
3569.44444444444,0.0567673228767379,3569.44444444444,0.0419351888618436
3583.33333333333,0.0483044421014781,3583.33333333333,0.0426668238857079
3597.22222222222,0.0502932247841998,3597.22222222222,0.0433692728099569
3611.11111111111,0.0580721192361803,3611.11111111111,0.044725910112547
3625,0.0643358626388296,3625,0.0489998023455434
3638.88888888889,0.0654019433109416,3638.88888888889,0.0487982375452696
3652.77777777778,0.0560979109920067,3652.77777777778,0.0527823041384246
3666.66666666667,0.0517219599071508,3666.66666666667,0.0552330538413086
3680.55555555556,0.0521372701632375,3680.55555555556,0.0520483613350134
3694.44444444444,0.0538557366031977,3694.44444444444,0.048449798410108
3708.33333333333,0.0621513227382402,3708.33333333333,0.0460830672876058
3722.22222222222,0.065413824627578,3722.22222222222,0.0525272031943991
3736.11111111111,0.0595124637207067,3736.11111111111,0.0564159613169056
3750,0.0464520587135999,3750,0.0478695555852958
3763.88888888889,0.0427402088184238,3763.88888888889,0.0382289661872139
3777.77777777778,0.0537521103079975,3777.77777777778,0.0372667022148595
3791.66666666667,0.0609856838207605,3791.66666666667,0.0488183103482352
3805.55555555556,0.0558261884872559,3805.55555555556,0.0577932105580865
3819.44444444444,0.0449953357667196,3819.44444444444,0.0475167386438356
3833.33333333333,0.0434793535463319,3833.33333333333,0.0326151190516726
3847.22222222222,0.0416502241959556,3847.22222222222,0.0363425513132662
3861.11111111111,0.0552152397025638,3861.11111111111,0.0522706746426067
3875,0.0709832903205386,3875,0.0579931365288094
3888.88888888889,0.0648266243353474,3888.88888888889,0.0466963754544113
3902.77777777778,0.0585666010260121,3902.77777777778,0.039689358350268
3916.66666666667,0.0570171878404248,3916.66666666667,0.0467087880547508
3930.55555555556,0.0440188069383705,3930.55555555556,0.0471571885225294
3944.44444444444,0.0357038451870242,3944.44444444444,0.0408863880442327
3958.33333333333,0.0378380692838404,3958.33333333333,0.0363911450874493
3972.22222222222,0.0508764129220489,3972.22222222222,0.0421792401219243
3986.11111111111,0.068027666392217,3986.11111111111,0.0729974014884766
4000,0.067133098608138,4000,0.0801738279647924
4013.88888888889,0.0534577465877342,4013.88888888889,0.0562184736866078
4027.77777777778,0.0426986401205623,4027.77777777778,0.0408010092752347
4041.66666666667,0.0387454305834713,4041.66666666667,0.0348599166745094
4055.55555555556,0.0479727016229126,4055.55555555556,0.0424408535989555
4069.44444444444,0.0530793976101383,4069.44444444444,0.0471810816243303
4083.33333333333,0.0435647184934438,4083.33333333333,0.0411343539903651
4097.22222222222,0.0326136421861003,4097.22222222222,0.0420315135837094
4111.11111111111,0.0292847592228961,4111.11111111111,0.0460203516957298
4125,0.0321882833433196,4125,0.0552817583249902
4138.88888888889,0.0406761469476843,4138.88888888889,0.0600368021708501
4152.77777777778,0.0441129804689392,4152.77777777778,0.0602834050942241
4166.66666666667,0.0397057178002532,4166.66666666667,0.0525132707424318
4180.55555555556,0.0336851766073598,4180.55555555556,0.0527813456692797
4194.44444444444,0.0278787295857253,4194.44444444444,0.0512819599227019
4208.33333333333,0.0266474943773285,4208.33333333333,0.0488692662016413
4222.22222222222,0.038378083157038,4222.22222222222,0.0581282574277283
4236.11111111111,0.0458168921728416,4236.11111111111,0.0484362027795561
4250,0.0437018823216429,4250,0.0411258200475237
4263.88888888889,0.0383491699592623,4263.88888888889,0.0409074644830473
4277.77777777778,0.0324478415570516,4277.77777777778,0.037293973910051
4291.66666666667,0.0371724521492392,4291.66666666667,0.0457154743882228
4305.55555555556,0.0413531553506884,4305.55555555556,0.0483946937655414
4319.44444444444,0.0339716258936334,4319.44444444444,0.0440179564610896
4333.33333333333,0.0304868810428481,4333.33333333333,0.0467844966103029
4347.22222222222,0.0336904392437926,4347.22222222222,0.0535491570716484
4361.11111111111,0.0357623984888729,4361.11111111111,0.0476612854663044
4375,0.0360398177746882,4375,0.0465582385880646
4388.88888888889,0.0330182286810655,4388.88888888889,0.0488891188611276
4402.77777777778,0.0328163526067088,4402.77777777778,0.0370842867217782
4416.66666666667,0.0311756451188813,4416.66666666667,0.028096666419672
4430.55555555556,0.0296489012694652,4430.55555555556,0.0293455728210448
4444.44444444444,0.035141089870981,4444.44444444444,0.0373759837701594
4458.33333333333,0.0407007692703177,4458.33333333333,0.0397402619549821
4472.22222222222,0.0361662658476321,4472.22222222222,0.0361743260431633
4486.11111111111,0.0251864952852848,4486.11111111111,0.0380050154825938
4500,0.0290913336108781,4500,0.044025211674295
4513.88888888889,0.0323059477239234,4513.88888888889,0.046359341797032
4527.77777777778,0.0331028596671818,4527.77777777778,0.0397230857653011
4541.66666666667,0.0415129803904115,4541.66666666667,0.0300834478431483
4555.55555555556,0.0419740444820347,4555.55555555556,0.0325497033724915
4569.44444444444,0.0352376443368735,4569.44444444444,0.0435229416998876
4583.33333333333,0.0305672481018363,4583.33333333333,0.0459426658137502
4597.22222222222,0.0298868446765957,4597.22222222222,0.0358654726166559
4611.11111111111,0.0351934321026817,4611.11111111111,0.0333833202035201
4625,0.0377256882795217,4625,0.0339316895477909
4638.88888888889,0.0338229846792439,4638.88888888889,0.0349238568726458
4652.77777777778,0.0377148725757812,4652.77777777778,0.0437038182163792
4666.66666666667,0.0426864236804555,4666.66666666667,0.0420421372728567
4680.55555555556,0.0432038359533725,4680.55555555556,0.0382511407995613
4694.44444444444,0.0455105598963648,4694.44444444444,0.0384062048509464
4708.33333333333,0.0422714509652241,4708.33333333333,0.0363637947661987
4722.22222222222,0.0360224443385195,4722.22222222222,0.0385656844548757
4736.11111111111,0.0396726469128058,4736.11111111111,0.0390840505967723
4750,0.0477387913612185,4750,0.0380327033423647
4763.88888888889,0.0470735910981162,4763.88888888889,0.0411231961108815
4777.77777777778,0.0444604293796443,4777.77777777778,0.0454904998498305
4791.66666666667,0.0496807640965909,4791.66666666667,0.0430005481959571
4805.55555555556,0.0464830929974414,4805.55555555556,0.0407569356649749
4819.44444444444,0.0415969540839219,4819.44444444444,0.0408099167434671
4833.33333333333,0.0370556573538141,4833.33333333333,0.0388651985425061
4847.22222222222,0.0220082162156815,4847.22222222222,0.0436039823140155
4861.11111111111,0.0233660179393161,4861.11111111111,0.0431462179565414
4875,0.0348306160194796,4875,0.0379573259485815
4888.88888888889,0.0382303295795723,4888.88888888889,0.0415599633918835
4902.77777777778,0.0354247682672336,4902.77777777778,0.0436296492864009
4916.66666666667,0.029768830544021,4916.66666666667,0.0448408227856963
4930.55555555556,0.0301686349048737,4930.55555555556,0.0479660109644657
4944.44444444444,0.0329728328751531,4944.44444444444,0.044859951600399
4958.33333333333,0.0378181835179794,4958.33333333333,0.0368657702896728
4972.22222222222,0.0394017748557038,4972.22222222222,0.0390959004529545
4986.11111111111,0.0435056946027257,4986.11111111111,0.0444927589516352
5000,0.0493644462100261,5000,0.0439744126152166
5013.88888888889,0.0450462556826888,5013.88888888889,0.0470514493253136
5027.77777777778,0.0393040895348123,5027.77777777778,0.0445160349138292
5041.66666666667,0.0340254606006692,5041.66666666667,0.0400249199276939
5055.55555555556,0.0260673787521658,5055.55555555556,0.0444507822170297
5069.44444444444,0.0291347956072136,5069.44444444444,0.0426580889594914
5083.33333333333,0.0313341641047137,5083.33333333333,0.03526066010506
5097.22222222222,0.0294961250606265,5097.22222222222,0.0259993038664596
5111.11111111111,0.0268419111302587,5111.11111111111,0.0197317752925046
5125,0.0288599163322214,5125,0.0348421183800587
5138.88888888889,0.0362717194101634,5138.88888888889,0.0508296653195827
5152.77777777778,0.0383082090843345,5152.77777777778,0.0488036134859325
5166.66666666667,0.0340181445915004,5166.66666666667,0.0421444919715573
5180.55555555556,0.0322223810958441,5180.55555555556,0.0384367163390157
5194.44444444444,0.0365165142210395,5194.44444444444,0.0323132071988182
5208.33333333333,0.035524493979615,5208.33333333333,0.0372133340659487
5222.22222222222,0.0329694592669726,5222.22222222222,0.0409934557820463
5236.11111111111,0.0372676338376441,5236.11111111111,0.0407794494650223
5250,0.0346088023672007,5250,0.043396454321515
5263.88888888889,0.0302972615485347,5263.88888888889,0.0429605829818745
5277.77777777778,0.0367602013998561,5277.77777777778,0.0403597900629711
5291.66666666667,0.0373922310509763,5291.66666666667,0.0357302870943239
5305.55555555556,0.03621528414938,5305.55555555556,0.0416048701614491
5319.44444444444,0.0508716652634361,5319.44444444444,0.0654867283359016
5333.33333333333,0.0631852642340095,5333.33333333333,0.069754284742435
5347.22222222222,0.0627845407919559,5347.22222222222,0.0510295468330785
5361.11111111111,0.0558480685561865,5361.11111111111,0.049173101851057
5375,0.0460602062599234,5375,0.0561171861535928
5388.88888888889,0.0385222935212951,5388.88888888889,0.0558701423257086
5402.77777777778,0.037199088395242,5402.77777777778,0.049396027759436
5416.66666666667,0.0422861157140066,5416.66666666667,0.0316560977010467
5430.55555555556,0.0511171261620292,5430.55555555556,0.0275239261641693
5444.44444444444,0.0545770388845097,5444.44444444444,0.0402154795366274
5458.33333333333,0.0517529396361905,5458.33333333333,0.0496898744429196
5472.22222222222,0.0400459227284965,5472.22222222222,0.048601824791144
5486.11111111111,0.0280946474215353,5486.11111111111,0.0427791438968565
5500,0.0285577227050923,5500,0.044309712401933
5513.88888888889,0.0365303183618551,5513.88888888889,0.0375970366822188
5527.77777777778,0.0484736828301759,5527.77777777778,0.0270264227362706
5541.66666666667,0.0509400358714755,5541.66666666667,0.0315649767253755
5555.55555555556,0.0454833000015546,5555.55555555556,0.0447789547149699
5569.44444444444,0.0348735774634589,5569.44444444444,0.0577653545020381
5583.33333333333,0.0300082830076326,5583.33333333333,0.0463176214285073
5597.22222222222,0.0388401166542765,5597.22222222222,0.0225196279057592
5611.11111111111,0.045128764994644,5611.11111111111,0.0215177430405309
5625,0.0458616289937234,5625,0.0309792226028125
5638.88888888889,0.0423772433787424,5638.88888888889,0.0486021511840217
5652.77777777778,0.0389664353989708,5652.77777777778,0.0515364550350158
5666.66666666667,0.0359645731272211,5666.66666666667,0.0376189179616861
5680.55555555556,0.0354981150052592,5680.55555555556,0.0281594625199554
5694.44444444444,0.0346550347350555,5694.44444444444,0.0337738827192901
5708.33333333333,0.0341179891352901,5708.33333333333,0.0420169767002441
5722.22222222222,0.0415080199240167,5722.22222222222,0.0427586732411009
5736.11111111111,0.0533155415833132,5736.11111111111,0.0357540441510742
5750,0.0544370793026825,5750,0.0326710363225254
5763.88888888889,0.0450563225039471,5763.88888888889,0.043219372551651
5777.77777777778,0.036989787855185,5777.77777777778,0.0446613927273854
5791.66666666667,0.0297086611191023,5791.66666666667,0.0404980839055365
5805.55555555556,0.0323233646155622,5805.55555555556,0.0464549100660764
5819.44444444444,0.0433044503261513,5819.44444444444,0.0485680661258929
5833.33333333333,0.0477111347786735,5833.33333333333,0.0464101465881157
5847.22222222222,0.0411013963696216,5847.22222222222,0.0480165983537484
5861.11111111111,0.0352167208159447,5861.11111111111,0.0420840836435981
5875,0.0404573289634047,5875,0.0338378695117351
5888.88888888889,0.0490889858163946,5888.88888888889,0.0419425819397354
5902.77777777778,0.0482604787988508,5902.77777777778,0.044547973550809
5916.66666666667,0.0433139971625998,5916.66666666667,0.0447768286033373
5930.55555555556,0.0493067560793436,5930.55555555556,0.0452932423983414
5944.44444444444,0.0521470781066776,5944.44444444444,0.0444943498222092
5958.33333333333,0.0472752911210846,5958.33333333333,0.0451483220726966
5972.22222222222,0.0417934059866716,5972.22222222222,0.0420033612652979
5986.11111111111,0.0519361247373909,5986.11111111111,0.0501751877556452
6000,0.0554603257033502,6000,0.0494213657469542
6013.88888888889,0.0505864982455131,6013.88888888889,0.0380407392003311
6027.77777777778,0.0506918474088255,6027.77777777778,0.0474632160777696
6041.66666666667,0.0430440093455483,6041.66666666667,0.0531971417053196
6055.55555555556,0.0471806793370092,6055.55555555556,0.0479303742936967
6069.44444444444,0.0537584108421406,6069.44444444444,0.0435304493528667
6083.33333333333,0.0465224291258981,6083.33333333333,0.0428537422329015
6097.22222222222,0.0411804374536743,6097.22222222222,0.0576582832217048
6111.11111111111,0.0393342819423431,6111.11111111111,0.0637633468711364
6125,0.0320077775624345,6125,0.0489526219362007
6138.88888888889,0.0329068843047446,6138.88888888889,0.0306081839631155
6152.77777777778,0.0352382358668123,6152.77777777778,0.019973692333463
6166.66666666667,0.0362664058168512,6166.66666666667,0.021931790728992
6180.55555555556,0.0413753120346462,6180.55555555556,0.0316993878260073
6194.44444444444,0.0437967406929302,6194.44444444444,0.0431708369808632
6208.33333333333,0.0436987485414345,6208.33333333333,0.0489722449724717
6222.22222222222,0.0411894108595848,6222.22222222222,0.043032049910731
6236.11111111111,0.0430370430509332,6236.11111111111,0.0299035143287163
6250,0.0455195539547404,6250,0.0277293395977085
6263.88888888889,0.0377996841426007,6263.88888888889,0.0293437000932269
6277.77777777778,0.0262237440703812,6277.77777777778,0.0292631954047383
6291.66666666667,0.0265381858921931,6291.66666666667,0.0353002929737159
6305.55555555556,0.0332095355986049,6305.55555555556,0.0365742113579226
6319.44444444444,0.0323576388937446,6319.44444444444,0.0355677461913279
6333.33333333333,0.0265525920791708,6333.33333333333,0.0278444130909501
6347.22222222222,0.0217362065908985,6347.22222222222,0.0211930099729319
6361.11111111111,0.0208197382141801,6361.11111111111,0.0226088177436386
6375,0.0280201600434939,6375,0.023243734155944
6388.88888888889,0.0319229175884182,6388.88888888889,0.0282029019907004
6402.77777777778,0.0291060501481526,6402.77777777778,0.0248166443952146
6416.66666666667,0.0297695050116637,6416.66666666667,0.0216273396808338
6430.55555555556,0.0288603836397347,6430.55555555556,0.0206605290471665
6444.44444444444,0.0298595998881363,6444.44444444444,0.0237972784599063
6458.33333333333,0.030575555204022,6458.33333333333,0.0277119288952457
6472.22222222222,0.0218573850653759,6472.22222222222,0.0228248730840493
6486.11111111111,0.0181559749554528,6486.11111111111,0.0241789375394436
6500,0.0165776817450774,6500,0.0221333344121611
6513.88888888889,0.016102960918289,6513.88888888889,0.018396032310516
6527.77777777778,0.017032651863802,6527.77777777778,0.0215191045682589
6541.66666666667,0.0196987647386089,6541.66666666667,0.0175660093860258
6555.55555555556,0.0276577382020549,6555.55555555556,0.0182224213089423
6569.44444444444,0.027443393569832,6569.44444444444,0.0208535659953814
6583.33333333333,0.0248557880104271,6583.33333333333,0.0167470527703676
6597.22222222222,0.0230575698539323,6597.22222222222,0.016172597173888
6611.11111111111,0.0261323394514025,6611.11111111111,0.0196567647108957
6625,0.0273010829816,6625,0.0246149958071511
6638.88888888889,0.0193380448027084,6638.88888888889,0.0261598890500512
6652.77777777778,0.017560522561128,6652.77777777778,0.0268680164439049
6666.66666666667,0.0159538066085462,6666.66666666667,0.027006620574443
6680.55555555556,0.0189186550687838,6680.55555555556,0.0285835357460533
6694.44444444444,0.0211042855228326,6694.44444444444,0.0320358603202802
6708.33333333333,0.0122992220797755,6708.33333333333,0.0236790205498457
6722.22222222222,0.0116111865859992,6722.22222222222,0.0158448732786753
6736.11111111111,0.0141699421021954,6736.11111111111,0.0173840581103552
6750,0.0146796078157969,6750,0.0237016661072405
6763.88888888889,0.0192958497885598,6763.88888888889,0.0314356390727371
6777.77777777778,0.0206767356566091,6777.77777777778,0.026270394399177
6791.66666666667,0.0179454405920902,6791.66666666667,0.0205906544219199
6805.55555555556,0.0189131988366239,6805.55555555556,0.0183239592174906
6819.44444444444,0.0193712160420752,6819.44444444444,0.0155270873682271
6833.33333333333,0.0164999482985191,6833.33333333333,0.0190310826333888
6847.22222222222,0.0214699540006771,6847.22222222222,0.026746447801063
6861.11111111111,0.0222887752976992,6861.11111111111,0.0327739283635105
6875,0.0156122659087335,6875,0.0308647565240087
6888.88888888889,0.0144631841251399,6888.88888888889,0.0280031103560323
6902.77777777778,0.0116074490530208,6902.77777777778,0.0258369176392943
6916.66666666667,0.0174027633824529,6916.66666666667,0.0224436648996495
6930.55555555556,0.0299684210493283,6930.55555555556,0.0216540689440178
6944.44444444444,0.0408933040251288,6944.44444444444,0.0180963940421762
6958.33333333333,0.0410052826225002,6958.33333333333,0.017386579248621
6972.22222222222,0.0284170907676601,6972.22222222222,0.0248182723212691
6986.11111111111,0.0206096115321006,6986.11111111111,0.0271452559006012
7000,0.0276180213543919,7000,0.0245935091706891
7013.88888888889,0.0321542687093964,7013.88888888889,0.0216921192666051
7027.77777777778,0.0254450268342508,7027.77777777778,0.0171590888078899
7041.66666666667,0.0184879549880979,7041.66666666667,0.0212593839936545
7055.55555555556,0.0207545938677386,7055.55555555556,0.0248096960334594
7069.44444444444,0.0250335403558946,7069.44444444444,0.0202452850005472
7083.33333333333,0.0286947295085972,7083.33333333333,0.019792563075805
7097.22222222222,0.0270142746062168,7097.22222222222,0.0230053138548998
7111.11111111111,0.0261626561710278,7111.11111111111,0.0252729441385041
7125,0.0240870304944849,7125,0.0263411407030575
7138.88888888889,0.0217907790568581,7138.88888888889,0.0230523664678875
7152.77777777778,0.0274787009342147,7152.77777777778,0.0200179333537839
7166.66666666667,0.0319709930073066,7166.66666666667,0.0211078279078268
7180.55555555556,0.031692407774599,7180.55555555556,0.0232027189747023
7194.44444444444,0.0287964872568628,7194.44444444444,0.0237126510780047
7208.33333333333,0.0227982813297454,7208.33333333333,0.0183429388210296
7222.22222222222,0.0198616913360617,7222.22222222222,0.0140669609510736
7236.11111111111,0.0219489148958738,7236.11111111111,0.0226140821497927
7250,0.0208674678862982,7250,0.0276888700638853
7263.88888888889,0.0180773085706289,7263.88888888889,0.0233974265154031
7277.77777777778,0.0159614160196248,7277.77777777778,0.0149198509873899
7291.66666666667,0.0183049291033601,7291.66666666667,0.0114644798491341
7305.55555555556,0.027769907611713,7305.55555555556,0.0148982970038605
7319.44444444444,0.0325961867845731,7319.44444444444,0.018976576007092
7333.33333333333,0.0320990800163174,7333.33333333333,0.0167107675078637
7347.22222222222,0.0301440960635125,7347.22222222222,0.017492866695485
7361.11111111111,0.0286558138566704,7361.11111111111,0.0234076552373991
7375,0.0295215859625334,7375,0.0236574670141273
7388.88888888889,0.0252182241688705,7388.88888888889,0.0226699000536421
7402.77777777778,0.0197482241555173,7402.77777777778,0.020646721708284
7416.66666666667,0.019385301038678,7416.66666666667,0.020305950122593
7430.55555555556,0.0221923149773595,7430.55555555556,0.0209007833402
7444.44444444444,0.0204807155328663,7444.44444444444,0.0143987904736423
7458.33333333333,0.0157432353133594,7458.33333333333,0.0109981549845517
7472.22222222222,0.0189373744246231,7472.22222222222,0.0157778580018178
7486.11111111111,0.0268919382122087,7486.11111111111,0.0190472038450301
7500,0.0316061042866144,7500,0.0173246490724865
7513.88888888889,0.0317881440645903,7513.88888888889,0.0181923922093322
7527.77777777778,0.0357107122947241,7527.77777777778,0.024990358171564
7541.66666666667,0.0306168690443648,7541.66666666667,0.0239010531184148
7555.55555555556,0.0185480469976665,7555.55555555556,0.0268914747230911
7569.44444444444,0.0196054748290306,7569.44444444444,0.0272541696165639
7583.33333333333,0.0278258638506905,7583.33333333333,0.0225785565451721
7597.22222222222,0.0327761111848802,7597.22222222222,0.0293627136111573
7611.11111111111,0.0311931639953311,7611.11111111111,0.0220020191056281
7625,0.0325328188415468,7625,0.0239327985215166
7638.88888888889,0.0383445916604646,7638.88888888889,0.0389448709411124
7652.77777777778,0.0446831302946413,7652.77777777778,0.0385234000200422
7666.66666666667,0.0393450166547255,7666.66666666667,0.0318274299181447
7680.55555555556,0.0242441365943754,7680.55555555556,0.0216444167263402
7694.44444444444,0.016747472541346,7694.44444444444,0.0204249564777055
7708.33333333333,0.024857059146131,7708.33333333333,0.019648488060493
7722.22222222222,0.046107685417809,7722.22222222222,0.0213337553208679
7736.11111111111,0.0516878716941186,7736.11111111111,0.0392505059435904
7750,0.0362276835553621,7750,0.0412895457242719
7763.88888888889,0.0219708944493901,7763.88888888889,0.0322458901826578
7777.77777777778,0.0238191159756371,7777.77777777778,0.0297989478600995
7791.66666666667,0.0282542916290239,7791.66666666667,0.0271434087353034
7805.55555555556,0.0246594487716098,7805.55555555556,0.0229227831670885
7819.44444444444,0.0247489857702443,7819.44444444444,0.0255229154364494
7833.33333333333,0.0319801892945783,7833.33333333333,0.024177937028798
7847.22222222222,0.0294873174527038,7847.22222222222,0.0235172931745995
7861.11111111111,0.0306451056492587,7861.11111111111,0.031817320738938
7875,0.0306900264119057,7875,0.034531106037746
7888.88888888889,0.0278695198210401,7888.88888888889,0.0348135093950925
7902.77777777778,0.0292058940849326,7902.77777777778,0.0374261352051535
7916.66666666667,0.027642262569741,7916.66666666667,0.0319394073760742
7930.55555555556,0.0246208928057565,7930.55555555556,0.0183501001679913
7944.44444444444,0.0219747885607023,7944.44444444444,0.0177544332602263
7958.33333333333,0.025791729211819,7958.33333333333,0.0206075997295873
7972.22222222222,0.0463071660596662,7972.22222222222,0.0376116955453002
7986.11111111111,0.0849406586349721,7986.11111111111,0.0665751007677899
8000,0.0925227475030496,8000,0.071138598380708
8013.88888888889,0.0598601222483373,8013.88888888889,0.0492167606992685
8027.77777777778,0.0323497755226988,8027.77777777778,0.0401249196985119
8041.66666666667,0.0249706894447498,8041.66666666667,0.0405490123213331
8055.55555555556,0.0274174500062391,8055.55555555556,0.0341205788269799
8069.44444444444,0.0387518201778881,8069.44444444444,0.0333428530891525
8083.33333333333,0.044555449742996,8083.33333333333,0.0241438861168221
8097.22222222222,0.0509937180116913,8097.22222222222,0.0173077324691194
8111.11111111111,0.0533032331434497,8111.11111111111,0.0166793666615636
8125,0.0427157705688327,8125,0.0159228667821512
8138.88888888889,0.0286930661232429,8138.88888888889,0.0187725030751346
8152.77777777778,0.0157303917410843,8152.77777777778,0.0172589856052196
8166.66666666667,0.0323267174867294,8166.66666666667,0.02606655631777
8180.55555555556,0.048691695911231,8180.55555555556,0.0353525982086192
8194.44444444445,0.0396043235243249,8194.44444444445,0.0470984967307856
8208.33333333333,0.0421787735079446,8208.33333333333,0.0481226555549431
8222.22222222222,0.0480309409089286,8222.22222222222,0.03126268672711
8236.11111111111,0.0572632007764895,8236.11111111111,0.0172064374507853
8250,0.0553832950328436,8250,0.0171319710651227
8263.88888888889,0.0394726332909987,8263.88888888889,0.0275816378412823
8277.77777777778,0.0426657371996594,8277.77777777778,0.0323153340243776
8291.66666666667,0.0431895894000622,8291.66666666667,0.029694454710321
8305.55555555556,0.0485194624353181,8305.55555555556,0.0270328106399556
8319.44444444445,0.0361098701772738,8319.44444444445,0.0262941403014336
8333.33333333333,0.0153011478236774,8333.33333333333,0.0348643578502342
8347.22222222222,0.0278231836078159,8347.22222222222,0.035005495348287
8361.11111111111,0.0641644964025994,8361.11111111111,0.0240647264441898
8375,0.0903289505725579,8375,0.0164038468814654
8388.88888888889,0.0807089101681532,8388.88888888889,0.017517912020931
8402.77777777778,0.0610688557584966,8402.77777777778,0.0264488954972798
8416.66666666667,0.0435582017490271,8416.66666666667,0.0311584284704179
8430.55555555556,0.0383720828280977,8430.55555555556,0.025990520053881
8444.44444444445,0.0399425770318924,8444.44444444445,0.0226896820269977
8458.33333333333,0.028042357699339,8458.33333333333,0.0273452378441746
8472.22222222222,0.0468247335655179,8472.22222222222,0.0365622799340245
8486.11111111111,0.063461195663399,8486.11111111111,0.0428120841292594
8500,0.058293289492524,8500,0.036648530563456
8513.88888888889,0.0437300984081154,8513.88888888889,0.0300594449483503
8527.77777777778,0.0394406922424245,8527.77777777778,0.0268588563007677
8541.66666666667,0.042006334519548,8541.66666666667,0.0246139975748751
8555.55555555556,0.0449810636851987,8555.55555555556,0.0244184800098886
8569.44444444445,0.0458241238104035,8569.44444444445,0.0205828604441356
8583.33333333333,0.0349042265322898,8583.33333333333,0.021654678042671
8597.22222222222,0.0266827531157457,8597.22222222222,0.017769049206317
8611.11111111111,0.0332719578503054,8611.11111111111,0.015354441236307
8625,0.0432826909849722,8625,0.0198033719710693
8638.88888888889,0.0507212896261368,8638.88888888889,0.020626659953852
8652.77777777778,0.0687355615360548,8652.77777777778,0.0257009816620193
8666.66666666667,0.0771714093021698,8666.66666666667,0.0244005856525984
8680.55555555556,0.056378398008866,8680.55555555556,0.0254706596659328
8694.44444444445,0.037165046880115,8694.44444444445,0.0312544303332143
8708.33333333333,0.0346705608852726,8708.33333333333,0.0294520131411974
8722.22222222222,0.0337287372554047,8722.22222222222,0.0277411712708712
8736.11111111111,0.0510929082215781,8736.11111111111,0.0252869164890929
8750,0.0701027792007531,8750,0.0166028211683542
8763.88888888889,0.0742922246807251,8763.88888888889,0.0190319432788412
8777.77777777778,0.0603712251928375,8777.77777777778,0.0282866632506777
8791.66666666667,0.0437991051586941,8791.66666666667,0.0257694445288534
8805.55555555556,0.0437300778619437,8805.55555555556,0.0239371712408578
8819.44444444445,0.043202442183113,8819.44444444445,0.0208292046030931
8833.33333333333,0.0321470089360907,8833.33333333333,0.0136717039265958
8847.22222222222,0.0373265996514582,8847.22222222222,0.0225242217043762
8861.11111111111,0.0535560240021874,8861.11111111111,0.0234271840834115
8875,0.0673152076216774,8875,0.0205540857372193
8888.88888888889,0.0623658911188531,8888.88888888889,0.0239250235224828
8902.77777777778,0.0377764326782349,8902.77777777778,0.0394509753551526
8916.66666666667,0.0241317897962855,8916.66666666667,0.0421589020518059
8930.55555555556,0.041228943525373,8930.55555555556,0.0285826198932219
8944.44444444445,0.0647873954453671,8944.44444444445,0.0260135159858676
8958.33333333333,0.0588967879451478,8958.33333333333,0.0273831527419677
8972.22222222222,0.0357382872083141,8972.22222222222,0.0269224496470646
8986.11111111111,0.0508860888718781,8986.11111111111,0.0238611620676437
9000,0.0572220038586862,9000,0.0317811179842933
9013.88888888889,0.0416156552460711,9013.88888888889,0.029294115511103
9027.77777777778,0.0269746283784444,9027.77777777778,0.0163748421018533
9041.66666666667,0.0467564476647071,9041.66666666667,0.0206523907593962
9055.55555555556,0.0705318318434221,9055.55555555556,0.0267871279126857
9069.44444444445,0.0566733072904197,9069.44444444445,0.0434478830626146
9083.33333333333,0.0311558030546846,9083.33333333333,0.0403757101818841
9097.22222222222,0.0490243273732035,9097.22222222222,0.0303412689708466
9111.11111111111,0.0606699675139505,9111.11111111111,0.0344664612255766
9125,0.0768695404714957,9125,0.0366727489895043
9138.88888888889,0.0759638654265965,9138.88888888889,0.0334697982729227
9152.77777777778,0.0464872931980729,9152.77777777778,0.0201281022276777
9166.66666666667,0.0571044023630278,9166.66666666667,0.0150108372563526
9180.55555555556,0.0790365389827005,9180.55555555556,0.0215426938605608
9194.44444444445,0.0589950322139656,9194.44444444445,0.0382978982945201
9208.33333333333,0.0295202825947645,9208.33333333333,0.0421532118150694
9222.22222222222,0.0359731657034782,9222.22222222222,0.0282769811415343
9236.11111111111,0.0311354578059106,9236.11111111111,0.0204911970637975
9250,0.0404694693058681,9250,0.0247930794013218
9263.88888888889,0.048080563100615,9263.88888888889,0.0358168922871325
9277.77777777778,0.0393359311644282,9277.77777777778,0.0371648756079853
9291.66666666667,0.0464612677103362,9291.66666666667,0.0314938553619671
9305.55555555556,0.0666179462964346,9305.55555555556,0.0405307231786385
9319.44444444445,0.0744286814620592,9319.44444444445,0.0508194343554068
9333.33333333333,0.0663352217152549,9333.33333333333,0.0445041401148971
9347.22222222222,0.0615825357042941,9347.22222222222,0.0224832872509981
9361.11111111111,0.0679975177081595,9361.11111111111,0.0224385985322525
9375,0.0663729140311642,9375,0.0242042501808471
9388.88888888889,0.0540321954116412,9388.88888888889,0.0212896973749257
9402.77777777778,0.0699959281188672,9402.77777777778,0.0506771357387632
9416.66666666667,0.0825803566017128,9416.66666666667,0.0609673079305219
9430.55555555556,0.0691160106371225,9430.55555555556,0.0445527202297177
9444.44444444445,0.0548578049765179,9444.44444444445,0.0266257887581795
9458.33333333333,0.0476623117998482,9458.33333333333,0.019133350944591
9472.22222222222,0.04385452035247,9472.22222222222,0.026711555802424
9486.11111111111,0.0366885475389028,9486.11111111111,0.0393669856324806
9500,0.0377028761392001,9500,0.0390160350707943
9513.88888888889,0.044690780349754,9513.88888888889,0.0314497180694927
9527.77777777778,0.0622743832242646,9527.77777777778,0.0283304741784777
9541.66666666667,0.0732789637138081,9541.66666666667,0.0471718895474144
9555.55555555556,0.0658922477847279,9555.55555555556,0.0581970553641046
9569.44444444445,0.0686279086882739,9569.44444444445,0.0473009196820458
9583.33333333333,0.0661669814073355,9583.33333333333,0.0418218803603055
9597.22222222222,0.0486591864584271,9597.22222222222,0.0443381556753104
9611.11111111111,0.0655661580342122,9611.11111111111,0.0408018750151668
9625,0.0706164471005349,9625,0.032700462096958
9638.88888888889,0.0477130372700207,9638.88888888889,0.0427421928400947
9652.77777777778,0.0428140397513593,9652.77777777778,0.0624829756239939
9666.66666666667,0.0541455999538073,9666.66666666667,0.0640082576130958
9680.55555555556,0.0837545507730008,9680.55555555556,0.0510176306721512
9694.44444444445,0.0889579061703056,9694.44444444445,0.0410839620633961
9708.33333333333,0.0600542910238806,9708.33333333333,0.0467184523522485
9722.22222222222,0.057790240354663,9722.22222222222,0.050957060961767
9736.11111111111,0.0635963574031223,9736.11111111111,0.0463151872095455
9750,0.0747476112027702,9750,0.0393878165026169
9763.88888888889,0.0802285208064468,9763.88888888889,0.0322278193296032
9777.77777777778,0.0742593267820988,9777.77777777778,0.0280390869112707
9791.66666666667,0.074072715558673,9791.66666666667,0.0377650252680678
9805.55555555556,0.0447904977643468,9805.55555555556,0.0448665961613099
9819.44444444445,0.0421532479397123,9819.44444444445,0.0458081486612417
9833.33333333333,0.0609656342618432,9833.33333333333,0.0584376475681781
9847.22222222222,0.0415041240137152,9847.22222222222,0.0563878222830088
9861.11111111111,0.0445788077702917,9861.11111111111,0.0348115836584105
9875,0.0536724572827625,9875,0.0202018710854428
9888.88888888889,0.0440948126879091,9888.88888888889,0.0323811302370483
9902.77777777778,0.0561890344162319,9902.77777777778,0.0540268246763973
9916.66666666667,0.0819069933036249,9916.66666666667,0.0587474816847816
9930.55555555556,0.0901149311515221,9930.55555555556,0.0515061172096644
9944.44444444445,0.0896441267470638,9944.44444444445,0.0398203569079689
9958.33333333333,0.0849150317808627,9958.33333333333,0.0330233704018155
9972.22222222222,0.0708072215012083,9972.22222222222,0.0517225518877784
9986.11111111111,0.0724623692929179,9986.11111111111,0.0612979117946645
10000,0.08100942944477,10000,0.0504291819545195
10013.8888888889,0.0730456130726292,10013.8888888889,0.0280193440142826
10027.7777777778,0.0556691821239263,10027.7777777778,0.0284095338529489
10041.6666666667,0.0508686958261838,10041.6666666667,0.0476544592454879
10055.5555555556,0.0478290295096334,10055.5555555556,0.0539816124094761
10069.4444444444,0.0661045856514516,10069.4444444444,0.062256422660964
10083.3333333333,0.0920933158656319,10083.3333333333,0.0605334263920416
10097.2222222222,0.0901423568455575,10097.2222222222,0.0354346475512848
10111.1111111111,0.0768233812101691,10111.1111111111,0.0238366847029391
10125,0.0622723986249914,10125,0.0322241959105906
10138.8888888889,0.0515221140389076,10138.8888888889,0.0397683886308132
10152.7777777778,0.0551212029352027,10152.7777777778,0.0432319616801522
10166.6666666667,0.0682616665257689,10166.6666666667,0.0340838009031281
10180.5555555556,0.0802442703163014,10180.5555555556,0.0293463826870609
10194.4444444444,0.0612731893324557,10194.4444444444,0.0279791773456836
10208.3333333333,0.0415693603115148,10208.3333333333,0.0251067962427676
10222.2222222222,0.0585324903804108,10222.2222222222,0.0410284220053143
10236.1111111111,0.0640409075003447,10236.1111111111,0.0424845911801919
10250,0.0703263698116526,10250,0.0308880954399542
10263.8888888889,0.0552437203543069,10263.8888888889,0.0516908559860179
10277.7777777778,0.0433963513508052,10277.7777777778,0.0621751848140312
10291.6666666667,0.0571416149155279,10291.6666666667,0.0492451462141343
10305.5555555556,0.0531477635526283,10305.5555555556,0.0339071289121853
10319.4444444444,0.0690818064419723,10319.4444444444,0.0321167938589917
10333.3333333333,0.0624529076498752,10333.3333333333,0.042191530244552
10347.2222222222,0.0742489764173174,10347.2222222222,0.0616899380520936
10361.1111111111,0.0973697759467708,10361.1111111111,0.0706246767361368
10375,0.0789769701369655,10375,0.0565455477561658
10388.8888888889,0.0552277855193006,10388.8888888889,0.0430563904068776
10402.7777777778,0.0408511335846374,10402.7777777778,0.0325165408380742
10416.6666666667,0.0567505557370382,10416.6666666667,0.0309697404689594
10430.5555555556,0.0713436107797024,10430.5555555556,0.0305977458004524
10444.4444444444,0.0704447855082919,10444.4444444444,0.0375435497378322
10458.3333333333,0.0624917509186671,10458.3333333333,0.0622305532456965
10472.2222222222,0.0780130549690972,10472.2222222222,0.0594593816807788
10486.1111111111,0.110635748871487,10486.1111111111,0.0419204409036948
10500,0.118132387152508,10500,0.0508192335913177
10513.8888888889,0.0999469529225362,10513.8888888889,0.0500921379340034
10527.7777777778,0.0675169575127408,10527.7777777778,0.0313382296310835
10541.6666666667,0.055244632583707,10541.6666666667,0.058044283044699
10555.5555555556,0.0480771914036084,10555.5555555556,0.0684366275148248
10569.4444444444,0.0568613414962035,10569.4444444444,0.0490593429467713
10583.3333333333,0.0776518818091673,10583.3333333333,0.0747551415597369
10597.2222222222,0.0875744193354357,10597.2222222222,0.0848645629832253
10611.1111111111,0.0826368457449989,10611.1111111111,0.05264059618068
10625,0.0573524310459534,10625,0.0215604353603856
10638.8888888889,0.0334663617473671,10638.8888888889,0.0446516259845037
10652.7777777778,0.107757306975796,10652.7777777778,0.07533387667762
10666.6666666667,0.149382966319339,10666.6666666667,0.0702795826837913
10680.5555555556,0.0891390714147717,10680.5555555556,0.040178707325333
10694.4444444444,0.0659614546443871,10694.4444444444,0.039429671054863
10708.3333333333,0.107348942827696,10708.3333333333,0.0442645098580253
10722.2222222222,0.0842686850596756,10722.2222222222,0.041535842751203
10736.1111111111,0.0793789865198677,10736.1111111111,0.0408168658742387
10750,0.0861789477823895,10750,0.0341613327096837
10763.8888888889,0.0856719436852275,10763.8888888889,0.0271801397581686
10777.7777777778,0.0733862781053983,10777.7777777778,0.0132379840105023
10791.6666666667,0.0453035828229766,10791.6666666667,0.0162996683421018
10805.5555555556,0.0383252613731958,10805.5555555556,0.04160801230812
10819.4444444444,0.0654107458116604,10819.4444444444,0.0734747094600086
10833.3333333333,0.0623890755864011,10833.3333333333,0.0780712839048084
10847.2222222222,0.0465713035130574,10847.2222222222,0.0423374758590762
10861.1111111111,0.0590786516465702,10861.1111111111,0.0376048787009424
10875,0.0713360544485351,10875,0.0441428195013964
10888.8888888889,0.072420736785453,10888.8888888889,0.0436386157452926
10902.7777777778,0.0537077209595907,10902.7777777778,0.0597647535272995
10916.6666666667,0.0694149320001467,10916.6666666667,0.0519397960126191
10930.5555555556,0.078964776014397,10930.5555555556,0.0321573496825029
10944.4444444444,0.0734187483146415,10944.4444444444,0.0254782421915878
10958.3333333333,0.0942725017520713,10958.3333333333,0.0448515824851424
10972.2222222222,0.0981813663509238,10972.2222222222,0.0472142543253137
10986.1111111111,0.0634008784312372,10986.1111111111,0.0388407200134048
11000,0.0605232773144959,11000,0.0363523122042391
11013.8888888889,0.0755316240655689,11013.8888888889,0.0330337467809382
11027.7777777778,0.0654730588059393,11027.7777777778,0.0535539340946338
11041.6666666667,0.0731605002223862,11041.6666666667,0.0662176266602524
11055.5555555556,0.0846784162747853,11055.5555555556,0.053701503240206
11069.4444444444,0.121913312060421,11069.4444444444,0.0343507697805627
11083.3333333333,0.125615677811845,11083.3333333333,0.0638412109606404
11097.2222222222,0.111588781444262,11097.2222222222,0.0945165050957368
11111.1111111111,0.137533002140197,11111.1111111111,0.0975204805351016
11125,0.0967222077208318,11125,0.0751492909053958
11138.8888888889,0.0795285006732519,11138.8888888889,0.0558671150250213
11152.7777777778,0.154315112858815,11152.7777777778,0.070987181937051
11166.6666666667,0.134809278323386,11166.6666666667,0.0753890848585976
11180.5555555556,0.0751936875063363,11180.5555555556,0.0628604395022423
11194.4444444444,0.115129920947497,11194.4444444444,0.0448505240867202
11208.3333333333,0.1510279961884,11208.3333333333,0.0510184510179397
11222.2222222222,0.12082942799146,11222.2222222222,0.0573975016762166
11236.1111111111,0.0473634572337049,11236.1111111111,0.0307843606561935
11250,0.0665952242334367,11250,0.0433305390036935
11263.8888888889,0.0838480044305872,11263.8888888889,0.0543723823136723
11277.7777777778,0.0488156181515754,11277.7777777778,0.0366651869913035
11291.6666666667,0.103575969671516,11291.6666666667,0.0429738362209675
11305.5555555556,0.125501587543,11305.5555555556,0.0571711739108506
11319.4444444444,0.0610617837738632,11319.4444444444,0.0628258970159983
11333.3333333333,0.0704718381534231,11333.3333333333,0.0548557370704263
11347.2222222222,0.100329816789832,11347.2222222222,0.0462374713262254
11361.1111111111,0.0803518587582891,11361.1111111111,0.0578499619940183
11375,0.0886845343829535,11375,0.0480988384188847
11388.8888888889,0.0894467381920981,11388.8888888889,0.0292496702734502
11402.7777777778,0.0743462386939433,11402.7777777778,0.0398229458209023
11416.6666666667,0.0856101730699355,11416.6666666667,0.0495069486457384
11430.5555555556,0.0673145841757128,11430.5555555556,0.0626591591253137
11444.4444444444,0.0358913102739391,11444.4444444444,0.0570802710818692
11458.3333333333,0.0457468539212218,11458.3333333333,0.0473895881135296
11472.2222222222,0.0351772422609489,11472.2222222222,0.0593288742856844
11486.1111111111,0.0530707232225581,11486.1111111111,0.0648018516955197
11500,0.0648622060319486,11500,0.0558138009018211
11513.8888888889,0.0470700230321029,11513.8888888889,0.0456428344597295
11527.7777777778,0.0551518893066884,11527.7777777778,0.0455035342094274
11541.6666666667,0.0591185229413686,11541.6666666667,0.0745785616677734
11555.5555555556,0.0643541283354871,11555.5555555556,0.0780498147499649
11569.4444444444,0.0787954013483932,11569.4444444444,0.0470717751483319
11583.3333333333,0.0578074772131587,11583.3333333333,0.0518957703798441
11597.2222222222,0.0836404975881533,11597.2222222222,0.0574695758013786
11611.1111111111,0.104010040879305,11611.1111111111,0.0648269898662989
11625,0.0757195802480947,11625,0.0664728261268529
11638.8888888889,0.0682498970041765,11638.8888888889,0.0529289579068315
11652.7777777778,0.0431144312608822,11652.7777777778,0.0555745324273531
11666.6666666667,0.0998239511804714,11666.6666666667,0.0560862752748389
11680.5555555556,0.14478178060385,11680.5555555556,0.0654051882221695
11694.4444444444,0.0911460942165228,11694.4444444444,0.0652136000677343
11708.3333333333,0.0350964850161047,11708.3333333333,0.0597999902924748
11722.2222222222,0.0526268482039346,11722.2222222222,0.0656738240933106
11736.1111111111,0.0720778067649851,11736.1111111111,0.0520306738221856
11750,0.096920499527521,11750,0.052044354501755
11763.8888888889,0.0844796396104847,11763.8888888889,0.0595743067329747
11777.7777777778,0.095222895002519,11777.7777777778,0.0366190690011652
11791.6666666667,0.115431757153577,11791.6666666667,0.0371955368826799
11805.5555555556,0.0813119810293434,11805.5555555556,0.0558103426190501
11819.4444444444,0.0793236949082088,11819.4444444444,0.0561204515525373
11833.3333333333,0.123626839513702,11833.3333333333,0.0505145236267712
11847.2222222222,0.125217722446143,11847.2222222222,0.0538878922829721
11861.1111111111,0.107430781378675,11861.1111111111,0.0726003830656492
11875,0.0981593315011379,11875,0.0818347566027561
11888.8888888889,0.0913199387215965,11888.8888888889,0.082947815319102
11902.7777777778,0.0717090500251717,11902.7777777778,0.0757407143079953
11916.6666666667,0.0875847064053747,11916.6666666667,0.049656735804761
11930.5555555556,0.145110572405103,11930.5555555556,0.0379039834323325
11944.4444444444,0.154892477707321,11944.4444444444,0.0529437837350633
11958.3333333333,0.0932610566932052,11958.3333333333,0.0866746456235268
11972.2222222222,0.184228425855849,11972.2222222222,0.135709277349823
11986.1111111111,0.32906203420602,11986.1111111111,0.184457922695791
12000,0.297663933536492,12000,0.182485725392831
12013.8888888889,0.130841378586474,12013.8888888889,0.128291097637846
12027.7777777778,0.0882070926822925,12027.7777777778,0.0640468034815799
12041.6666666667,0.104052594094291,12041.6666666667,0.0446334014669273
12055.5555555556,0.106060067261918,12055.5555555556,0.0431531525846311
12069.4444444444,0.183692561684133,12069.4444444444,0.0424736322190941
12083.3333333333,0.198076180414588,12083.3333333333,0.0315834360473794
12097.2222222222,0.118435921906854,12097.2222222222,0.0408850062555314
12111.1111111111,0.0877300118897574,12111.1111111111,0.0515008164830867
12125,0.12790701093561,12125,0.0686562430096921
12138.8888888889,0.113055737223945,12138.8888888889,0.0958516038412549
12152.7777777778,0.111944172284568,12152.7777777778,0.0843489292246076
12166.6666666667,0.139783436945123,12166.6666666667,0.0529941060617122
12180.5555555556,0.171008488241562,12180.5555555556,0.0630800824275319
12194.4444444444,0.158282142333957,12194.4444444444,0.0693986623328766
12208.3333333333,0.0952796545539074,12208.3333333333,0.0557825130451338
12222.2222222222,0.134720433039407,12222.2222222222,0.0454558353945983
12236.1111111111,0.176216940023046,12236.1111111111,0.0345288015101794
12250,0.149631844255425,12250,0.0542779593231346
12263.8888888889,0.124475508457393,12263.8888888889,0.0817809953310908
12277.7777777778,0.0854890063748787,12277.7777777778,0.0719877265161235
12291.6666666667,0.034084492805856,12291.6666666667,0.0479670986921509
12305.5555555556,0.0194557357844858,12305.5555555556,0.0302706308130407
12319.4444444444,0.0446971805005161,12319.4444444444,0.022316602978867
12333.3333333333,0.0636492507379777,12333.3333333333,0.0737458994483462
12347.2222222222,0.0699260898997086,12347.2222222222,0.103672064563196
12361.1111111111,0.116316339827588,12361.1111111111,0.0839815873018478
12375,0.16249434649253,12375,0.0517220473862331
12388.8888888889,0.143999976546987,12388.8888888889,0.0593480697956297
12402.7777777778,0.0658075013271,12402.7777777778,0.0437587269967482
12416.6666666667,0.0562799779468719,12416.6666666667,0.0435838917616974
12430.5555555556,0.133087708561593,12430.5555555556,0.0709017977988745
12444.4444444444,0.224604323676989,12444.4444444444,0.0522512397014161
12458.3333333333,0.231716660058832,12458.3333333333,0.0327538474460095
12472.2222222222,0.149836616467654,12472.2222222222,0.054101660467756
12486.1111111111,0.0777971787288046,12486.1111111111,0.0662484370943059
12500,0.0381140352828233,12500,0.0856131158455925
12513.8888888889,0.0596321207527798,12513.8888888889,0.0767222262603855
12527.7777777778,0.132327951298434,12527.7777777778,0.0656376483809934
12541.6666666667,0.140193653067027,12541.6666666667,0.0858201476405406
12555.5555555556,0.128123040946834,12555.5555555556,0.0795482199072258
12569.4444444444,0.199978331459946,12569.4444444444,0.0694557410944729
12583.3333333333,0.186508595282697,12583.3333333333,0.0649836729848432
12597.2222222222,0.149476240165849,12597.2222222222,0.0482106163774596
12611.1111111111,0.200308931633661,12611.1111111111,0.0490450788644808
12625,0.204462980556855,12625,0.0534016088325552
12638.8888888889,0.150261909925015,12638.8888888889,0.0792075260385953
12652.7777777778,0.128064647226571,12652.7777777778,0.125042114957658
12666.6666666667,0.238813269988994,12666.6666666667,0.116175990037448
12680.5555555556,0.214146950644838,12680.5555555556,0.0899463115775137
12694.4444444444,0.098315465756267,12694.4444444444,0.0720055361321441
12708.3333333333,0.16053727116746,12708.3333333333,0.0387635788340511
12722.2222222222,0.144962208639369,12722.2222222222,0.0833170097887024
12736.1111111111,0.0885863086686502,12736.1111111111,0.0716436134696841
12750,0.119629025012503,12750,0.0453187343189888
12763.8888888889,0.079664902867786,12763.8888888889,0.0549049129066572
12777.7777777778,0.0373065616409247,12777.7777777778,0.0421877612458398
12791.6666666667,0.102278315574145,12791.6666666667,0.0317722252796548
12805.5555555556,0.107644333283428,12805.5555555556,0.0527847657259982
12819.4444444444,0.0922757637778742,12819.4444444444,0.057410407118531
12833.3333333333,0.117020662496292,12833.3333333333,0.0750885622821019
12847.2222222222,0.158052747022954,12847.2222222222,0.140235098941636
12861.1111111111,0.143989281521305,12861.1111111111,0.119512606567037
12875,0.0772326075133159,12875,0.0798185175522321
12888.8888888889,0.0950079388053496,12888.8888888889,0.105461278152599
12902.7777777778,0.149105678037607,12902.7777777778,0.0903516755995052
12916.6666666667,0.169048550440873,12916.6666666667,0.0542071775311308
12930.5555555556,0.145725177541492,12930.5555555556,0.052354608859258
12944.4444444444,0.0717451248168465,12944.4444444444,0.114466728742925
12958.3333333333,0.0716497259294344,12958.3333333333,0.156652241105112
12972.2222222222,0.114368673034343,12972.2222222222,0.146521630708693
12986.1111111111,0.107757403257758,12986.1111111111,0.0899393460284193
13000,0.130597701007895,13000,0.0603178725946982
13013.8888888889,0.11761213107991,13013.8888888889,0.0822866999132673
13027.7777777778,0.0646053991933881,13027.7777777778,0.0757621826558331
13041.6666666667,0.0900293379011796,13041.6666666667,0.0877974618054359
13055.5555555556,0.0892354092244506,13055.5555555556,0.105075312141609
13069.4444444444,0.0735459861594806,13069.4444444444,0.0830890349418088
13083.3333333333,0.0851524171201221,13083.3333333333,0.0458566234785867
13097.2222222222,0.0983579358781872,13097.2222222222,0.0846292399978388
13111.1111111111,0.0899477582788415,13111.1111111111,0.124052416207578
13125,0.0728979049014009,13125,0.131317738970179
13138.8888888889,0.0829737670666539,13138.8888888889,0.113175475105905
13152.7777777778,0.146319259547385,13152.7777777778,0.0766434875745804
13166.6666666667,0.210320028527232,13166.6666666667,0.0541668213058841
13180.5555555556,0.182257067520223,13180.5555555556,0.0455002116263203
13194.4444444444,0.0683433475842486,13194.4444444444,0.0536964018568864
13208.3333333333,0.0697517428693347,13208.3333333333,0.0685273085509399
13222.2222222222,0.093858885168901,13222.2222222222,0.0440616897107301
13236.1111111111,0.0756258730113963,13236.1111111111,0.0675288208060753
13250,0.100019636518079,13250,0.0750769386061616
13263.8888888889,0.0921994811391429,13263.8888888889,0.0834294173160294
13277.7777777778,0.0812541515139944,13277.7777777778,0.142718151050316
13291.6666666667,0.0683942869602235,13291.6666666667,0.101589188096032
13305.5555555556,0.0467550048702171,13305.5555555556,0.0943105315671932
13319.4444444444,0.0990233177336425,13319.4444444444,0.190693530067004
13333.3333333333,0.12470153352989,13333.3333333333,0.180613921402597
13347.2222222222,0.0837910331771372,13347.2222222222,0.115122530245858
13361.1111111111,0.059544451750873,13361.1111111111,0.0760030503877019
13375,0.100888163371741,13375,0.0568569193986918
13388.8888888889,0.109407009938922,13388.8888888889,0.0771469064911349
13402.7777777778,0.0825371629310835,13402.7777777778,0.0941016211698861
13416.6666666667,0.0563362577915494,13416.6666666667,0.0941093604661732
13430.5555555556,0.0726853644027146,13430.5555555556,0.0543768316739071
13444.4444444444,0.0823964347246769,13444.4444444444,0.0366577130699023
13458.3333333333,0.0926005730322321,13458.3333333333,0.0620355794914924
13472.2222222222,0.119573689808825,13472.2222222222,0.0813046444625675
13486.1111111111,0.104311228332802,13486.1111111111,0.0859050954342605
13500,0.0737068024738867,13500,0.0533703009669224
13513.8888888889,0.0679330254135432,13513.8888888889,0.0463069285971866
13527.7777777778,0.0316295925581968,13527.7777777778,0.0632543926081448
13541.6666666667,0.0409543286081968,13541.6666666667,0.0624731082137877
13555.5555555556,0.0526178843259821,13555.5555555556,0.101093804515025
13569.4444444444,0.0455772012143535,13569.4444444444,0.092365236310046
13583.3333333333,0.0519055035612821,13583.3333333333,0.03624204823801
13597.2222222222,0.038679037276305,13597.2222222222,0.0706021311937855
13611.1111111111,0.0485441989491417,13611.1111111111,0.0792374339827023
13625,0.0617792927656246,13625,0.0803818490783496
13638.8888888889,0.0542211665501866,13638.8888888889,0.0710456973434467
13652.7777777778,0.0421882027062578,13652.7777777778,0.0765865224704926
13666.6666666667,0.0350451243148125,13666.6666666667,0.0930987197745852
13680.5555555556,0.03710997067716,13680.5555555556,0.0644977852842691
13694.4444444444,0.049213858223188,13694.4444444444,0.081729302746843
13708.3333333333,0.0352385818019458,13708.3333333333,0.0690394961149374
13722.2222222222,0.026671816577956,13722.2222222222,0.0216332931327485
13736.1111111111,0.0399079332086005,13736.1111111111,0.0331804864023527
13750,0.0386079230325986,13750,0.0486518532763738
13763.8888888889,0.0521416727672906,13763.8888888889,0.0646470017580732
13777.7777777778,0.0461361813219375,13777.7777777778,0.0514588537223143
13791.6666666667,0.0343928393527216,13791.6666666667,0.0721649009000545
13805.5555555556,0.0274743649847479,13805.5555555556,0.110417396933854
13819.4444444444,0.0427434435602712,13819.4444444444,0.105732934664785
13833.3333333333,0.0422589855474325,13833.3333333333,0.0609530100214443
13847.2222222222,0.0336017145927063,13847.2222222222,0.0277251590106698
13861.1111111111,0.0506186080154763,13861.1111111111,0.0662364518553622
13875,0.0444908661676705,13875,0.0819389713838328
13888.8888888889,0.0531206662622325,13888.8888888889,0.0619712218209429
13902.7777777778,0.0488672488324174,13902.7777777778,0.0520519712545075
13916.6666666667,0.0254657107855975,13916.6666666667,0.0661971684147299
13930.5555555556,0.0233897845552772,13930.5555555556,0.0633418687366483
13944.4444444444,0.0323259376372087,13944.4444444444,0.0686729790263554
13958.3333333333,0.0460164613542878,13958.3333333333,0.0586080660421692
13972.2222222222,0.0442717142411575,13972.2222222222,0.0369341536010296
13986.1111111111,0.0353852260001284,13986.1111111111,0.0709874771482566
14000,0.0195096118060813,14000,0.0725787102038349
14013.8888888889,0.0450352657189051,14013.8888888889,0.0335885846422384
14027.7777777778,0.0517105807789515,14027.7777777778,0.0425446907805617
14041.6666666667,0.0488659734410939,14041.6666666667,0.0775784981131019
14055.5555555556,0.0491537470988669,14055.5555555556,0.0743469155931041
14069.4444444444,0.0360012956494674,14069.4444444444,0.0596727353589987
14083.3333333333,0.0424338277327824,14083.3333333333,0.0600962246648279
14097.2222222222,0.0688231699405893,14097.2222222222,0.0637540525739795
14111.1111111111,0.088689154525436,14111.1111111111,0.0511914546961029
14125,0.0686610032104209,14125,0.0358106795619145
14138.8888888889,0.0238561040361609,14138.8888888889,0.0490282495711303
14152.7777777778,0.0298205813420194,14152.7777777778,0.0691429134135019
14166.6666666667,0.0270789344798469,14166.6666666667,0.0719700617455091
14180.5555555556,0.0348952356313452,14180.5555555556,0.0612065209873264
14194.4444444444,0.0340052726147451,14194.4444444444,0.038592776466485
14208.3333333333,0.0215045917787955,14208.3333333333,0.0344069741184533
14222.2222222222,0.0232870745286668,14222.2222222222,0.0509335644214838
14236.1111111111,0.0408438610437067,14236.1111111111,0.0614501334174524
14250,0.0693879094913695,14250,0.0606866477089657
14263.8888888889,0.0674831240250623,14263.8888888889,0.039064981537649
14277.7777777778,0.0394127464659006,14277.7777777778,0.0356938698019739
14291.6666666667,0.0536407051433466,14291.6666666667,0.0661780538155345
14305.5555555556,0.0620176838857905,14305.5555555556,0.0619472005716166
14319.4444444444,0.044073984972993,14319.4444444444,0.0388303529662414
14333.3333333333,0.0319067775690438,14333.3333333333,0.0434535888190559
14347.2222222222,0.0339900486372027,14347.2222222222,0.0315200048412622
14361.1111111111,0.0568604040619857,14361.1111111111,0.0310841393515047
14375,0.0672393487742815,14375,0.0448879034163482
14388.8888888889,0.0495766538289722,14388.8888888889,0.0381964161882277
14402.7777777778,0.0446366043951922,14402.7777777778,0.0414122251077268
14416.6666666667,0.0579324345114167,14416.6666666667,0.0303996212851906
14430.5555555556,0.0561739389278683,14430.5555555556,0.00946715810159798
14444.4444444444,0.0494541678333084,14444.4444444444,0.0241381234226926
14458.3333333333,0.049051310293678,14458.3333333333,0.0332003116352483
14472.2222222222,0.0421290774783855,14472.2222222222,0.0431938388640801
14486.1111111111,0.0295450084814773,14486.1111111111,0.0478885312569933
14500,0.025650201356339,14500,0.0287238912395385
14513.8888888889,0.0113958324603815,14513.8888888889,0.0430400978280534
14527.7777777778,0.0267152223496839,14527.7777777778,0.06117300292704
14541.6666666667,0.0428314547916347,14541.6666666667,0.0482640345278435
14555.5555555556,0.043396695807528,14555.5555555556,0.0475572391106186
14569.4444444444,0.0381727015094479,14569.4444444444,0.0479812125235044
14583.3333333333,0.0236628113686529,14583.3333333333,0.0514710336646682
14597.2222222222,0.0178801908261113,14597.2222222222,0.0433220994260953
14611.1111111111,0.0173309751123527,14611.1111111111,0.023381146423279
14625,0.04893968656196,14625,0.0338313444935909
14638.8888888889,0.0601021077851805,14638.8888888889,0.0470574130904568
14652.7777777778,0.0372362374217652,14652.7777777778,0.056389228168761
14666.6666666667,0.0272038898473346,14666.6666666667,0.0418204853689073
14680.5555555556,0.032881867513125,14680.5555555556,0.0347717215960758
14694.4444444444,0.0321491685119828,14694.4444444444,0.0531549307656607
14708.3333333333,0.0373880383050185,14708.3333333333,0.0749197036700847
14722.2222222222,0.0376496966632494,14722.2222222222,0.0651549169793594
14736.1111111111,0.02055605673867,14736.1111111111,0.0423549118690337
14750,0.0469895739069148,14750,0.0566354669740443
14763.8888888889,0.0523610426392656,14763.8888888889,0.0527543003219638
14777.7777777778,0.021723918674151,14777.7777777778,0.0497599924058634
14791.6666666667,0.021865630379283,14791.6666666667,0.0432752893460951
14805.5555555556,0.0172065251230669,14805.5555555556,0.0523612077815909
14819.4444444444,0.0241701505864075,14819.4444444444,0.0619998463520389
14833.3333333333,0.0251623919276911,14833.3333333333,0.0451860095734446
14847.2222222222,0.0291094244157674,14847.2222222222,0.0290213534223392
14861.1111111111,0.0419581501281308,14861.1111111111,0.0224203175203958
14875,0.037176057253907,14875,0.0306427833011854
14888.8888888889,0.020795661649452,14888.8888888889,0.0315265625054346
14902.7777777778,0.0107144735380437,14902.7777777778,0.021724834474355
14916.6666666667,0.0329822642678239,14916.6666666667,0.0124965942475134
14930.5555555556,0.0305727947330684,14930.5555555556,0.0191542001244435
14944.4444444444,0.0173562097422305,14944.4444444444,0.0259255797281673
14958.3333333333,0.0214138602541368,14958.3333333333,0.0393958347385642
14972.2222222222,0.0351604002359258,14972.2222222222,0.0323583821309039
14986.1111111111,0.0462430833104002,14986.1111111111,0.045206276317885
15000,0.0306279923876088,15000,0.0617530958376017
15013.8888888889,0.00961974729016214,15013.8888888889,0.036989471456521
15027.7777777778,0.0101652087313401,15027.7777777778,0.0209673320299437
15041.6666666667,0.0173530573799719,15041.6666666667,0.0283714535290993
15055.5555555556,0.0375118901328875,15055.5555555556,0.0317723577206318
15069.4444444444,0.0331134898226658,15069.4444444444,0.0225255891039085
15083.3333333333,0.0266596028300401,15083.3333333333,0.0109163052337218
15097.2222222222,0.0161065749409662,15097.2222222222,0.0205164222217472
15111.1111111111,0.0398469680578122,15111.1111111111,0.0137747426899646
15125,0.057877630720878,15125,0.0122438803302717
15138.8888888889,0.037482248096745,15138.8888888889,0.00663874749921112
15152.7777777778,0.0365018687481629,15152.7777777778,0.0189695136356685
15166.6666666667,0.0319101386859284,15166.6666666667,0.028724486370032
15180.5555555556,0.0156770081255504,15180.5555555556,0.0332969698829478
15194.4444444444,0.0188355278232052,15194.4444444444,0.0270572018123322
15208.3333333333,0.0255693155173327,15208.3333333333,0.0145786466291183
15222.2222222222,0.0358805370527638,15222.2222222222,0.0435774263484301
15236.1111111111,0.0249525608113996,15236.1111111111,0.0707960552534788
15250,0.0435402145677532,15250,0.0645480546218663
15263.8888888889,0.0410297573779811,15263.8888888889,0.0366766228482088
15277.7777777778,0.0278515245210801,15277.7777777778,0.0252274578378704
15291.6666666667,0.0338176568390978,15291.6666666667,0.0156768537526679
15305.5555555556,0.0203385102408127,15305.5555555556,0.00904036196386783
15319.4444444444,0.0205503685335987,15319.4444444444,0.0375822423962148
15333.3333333333,0.0246515244918094,15333.3333333333,0.0645325156257718
15347.2222222222,0.041279078505347,15347.2222222222,0.0596529928390487
15361.1111111111,0.0442475237371928,15361.1111111111,0.0389002522980105
15375,0.0383135216928035,15375,0.0312506062576183
15388.8888888889,0.0456523489844225,15388.8888888889,0.0122453187971689
15402.7777777778,0.0419183134966785,15402.7777777778,0.0411663338820812
15416.6666666667,0.0270584463292188,15416.6666666667,0.0593833984431476
15430.5555555556,0.017218397131635,15430.5555555556,0.0466479919985708
15444.4444444444,0.0200836088004712,15444.4444444444,0.032361716748074
15458.3333333333,0.0209162998060295,15458.3333333333,0.0350622657478833
15472.2222222222,0.0242666669114203,15472.2222222222,0.0502904170265357
15486.1111111111,0.0299088196611528,15486.1111111111,0.0482832069008256
15500,0.0265994970976505,15500,0.0286066770431377
15513.8888888889,0.0287319466615685,15513.8888888889,0.024452213144945
15527.7777777778,0.0360876400936378,15527.7777777778,0.0227672944272312
15541.6666666667,0.0335024149725168,15541.6666666667,0.0172050052221127
15555.5555555556,0.0294054580313521,15555.5555555556,0.0272045250889297
15569.4444444444,0.0353149979060918,15569.4444444444,0.05170846747222
15583.3333333333,0.0480642636549811,15583.3333333333,0.0534413004706203
15597.2222222222,0.0442695075278129,15597.2222222222,0.0285769307236991
15611.1111111111,0.0260934158680455,15611.1111111111,0.0275620730443302
15625,0.0243118015897063,15625,0.0347381152979089
15638.8888888889,0.0388291527562447,15638.8888888889,0.0271848730953303
15652.7777777778,0.046334298959234,15652.7777777778,0.0174657441422737
15666.6666666667,0.0380842183100272,15666.6666666667,0.0196379384285675
15680.5555555556,0.0458108546414615,15680.5555555556,0.0321371703994332
15694.4444444444,0.0613192756305503,15694.4444444444,0.049598546126074
15708.3333333333,0.0477002507775686,15708.3333333333,0.0392915464748953
15722.2222222222,0.0224234833950244,15722.2222222222,0.0183289065255207
15736.1111111111,0.0426498688614857,15736.1111111111,0.0461342917497465
15750,0.0454568514050997,15750,0.0408040689263223
15763.8888888889,0.0337098151825947,15763.8888888889,0.0242158730529309
15777.7777777778,0.0462003149744539,15777.7777777778,0.0377938542064976
15791.6666666667,0.0370814459032386,15791.6666666667,0.0435783226426776
15805.5555555556,0.0113608587301893,15805.5555555556,0.0356349935978213
15819.4444444444,0.0200539915744164,15819.4444444444,0.0359937469457313
15833.3333333333,0.0219855044245149,15833.3333333333,0.0456683397559449
15847.2222222222,0.0154293558367062,15847.2222222222,0.0318243584550083
15861.1111111111,0.0424989508231556,15861.1111111111,0.0220727175130748
15875,0.0483739523670441,15875,0.0214590210116205
15888.8888888889,0.0352538408001147,15888.8888888889,0.0421837768309858
15902.7777777778,0.0520821270262998,15902.7777777778,0.0509310858254819
15916.6666666667,0.0481189135096854,15916.6666666667,0.0512396815987745
15930.5555555556,0.0207594087159583,15930.5555555556,0.0555879459803129
15944.4444444444,0.018551555222904,15944.4444444444,0.0457972165408677
15958.3333333333,0.0152591268631819,15958.3333333333,0.0527618635452832
15972.2222222222,0.0516074734757002,15972.2222222222,0.0272945314741475
15986.1111111111,0.120887623603919,15986.1111111111,0.10721957396084
16000,0.132023199515697,16000,0.161054408731814
16013.8888888889,0.0797289644914007,16013.8888888889,0.110351128322618
16027.7777777778,0.0222557894605074,16027.7777777778,0.0249555284876881
16041.6666666667,0.0510778652613455,16041.6666666667,0.0585209735540767
16055.5555555556,0.0426551303159057,16055.5555555556,0.0497838699610408
16069.4444444444,0.027349226748737,16069.4444444444,0.0246480954338933
16083.3333333333,0.0155458931930601,16083.3333333333,0.0134415224571639
16097.2222222222,0.0105174015485222,16097.2222222222,0.00784504564679005
16111.1111111111,0.0239069011291384,16111.1111111111,0.0100660847588979
16125,0.0197547697882653,16125,0.0184125596153414
16138.8888888889,0.0131879642770525,16138.8888888889,0.0263660778267339
16152.7777777778,0.0129265408061786,16152.7777777778,0.0298179135020331
16166.6666666667,0.0143832723246751,16166.6666666667,0.0263538544227382
16180.5555555556,0.0170031116336819,16180.5555555556,0.0236989403893654
16194.4444444444,0.00925846118843354,16194.4444444444,0.0299094631176604
16208.3333333333,0.0127316635199787,16208.3333333333,0.0274968707933942
16222.2222222222,0.0271003827803891,16222.2222222222,0.0128517041416979
16236.1111111111,0.0389715669063589,16236.1111111111,0.0121045238757052
16250,0.0441715385922544,16250,0.0305946700556296
16263.8888888889,0.0297462492949121,16263.8888888889,0.0375301593789117
16277.7777777778,0.00626676327973823,16277.7777777778,0.0252825032149287
16291.6666666667,0.0107502328163023,16291.6666666667,0.00817250971045248
16305.5555555556,0.0106671147217074,16305.5555555556,0.0239279438681856
16319.4444444444,0.0236822949168681,16319.4444444444,0.0329635687985688
16333.3333333333,0.0282217581743025,16333.3333333333,0.03624173757504
16347.2222222222,0.0246749864770302,16347.2222222222,0.0412730772572513
16361.1111111111,0.0173247603862116,16361.1111111111,0.0383340945803088
16375,0.0243132257912571,16375,0.0239694884899422
16388.8888888889,0.0350475784535122,16388.8888888889,0.0254061246351938
16402.7777777778,0.0177526520228759,16402.7777777778,0.0252662513285185
16416.6666666667,0.0208577454083413,16416.6666666667,0.0188815159097492
16430.5555555556,0.0346107163469792,16430.5555555556,0.0293854468967555
16444.4444444444,0.0260018001458614,16444.4444444444,0.0338641733867426
16458.3333333333,0.0275956544476065,16458.3333333333,0.0286476801991144
16472.2222222222,0.0212712184804173,16472.2222222222,0.0324546110478279
16486.1111111111,0.00988669951906652,16486.1111111111,0.0489179220817407
16500,0.0298053636641353,16500,0.0486402914478606
16513.8888888889,0.0387646520047047,16513.8888888889,0.0260052145592652
16527.7777777778,0.038742257390407,16527.7777777778,0.00619457026283622
16541.6666666667,0.0256932040048653,16541.6666666667,0.0131285247374357
16555.5555555556,0.00921807591743425,16555.5555555556,0.0218897508332224
16569.4444444444,0.0143526389666331,16569.4444444444,0.0279541669837745
16583.3333333333,0.0129111252621251,16583.3333333333,0.0233009535644857
16597.2222222222,0.0370947026517542,16597.2222222222,0.0146799383904215
16611.1111111111,0.0564214632543102,16611.1111111111,0.0165726241720208
16625,0.0553118847520187,16625,0.0240276649797159
16638.8888888889,0.0391884900920708,16638.8888888889,0.014177848246004
16652.7777777778,0.0247672555494253,16652.7777777778,0.0307997259019125
16666.6666666667,0.0203753645882399,16666.6666666667,0.0427770595272594
16680.5555555556,0.00939490660623112,16680.5555555556,0.0183638930018676
16694.4444444444,0.0198804954677684,16694.4444444444,0.0168133610990346
16708.3333333333,0.0239269620967752,16708.3333333333,0.0219179723037806
16722.2222222222,0.0116561575910394,16722.2222222222,0.00939454498670804
16736.1111111111,0.0157649780749933,16736.1111111111,0.0313672890700772
16750,0.0251655864223292,16750,0.0381460543215919
16763.8888888889,0.0270792092821352,16763.8888888889,0.0284915959432528
16777.7777777778,0.0109874564016799,16777.7777777778,0.0176764820195343
16791.6666666667,0.0169794324064692,16791.6666666667,0.0118650746256629
16805.5555555556,0.0282283821559693,16805.5555555556,0.010372235764253
16819.4444444444,0.015164148351501,16819.4444444444,0.0143081236957162
16833.3333333333,0.031589221221175,16833.3333333333,0.0182869448008716
16847.2222222222,0.0426047456265748,16847.2222222222,0.0153836301395868
16861.1111111111,0.0258876294164028,16861.1111111111,0.0294914993627895
16875,0.0105583149821006,16875,0.0452281507873316
16888.8888888889,0.0120668808345823,16888.8888888889,0.0373719767167058
16902.7777777778,0.00698975523241748,16902.7777777778,0.0211093924655144
16916.6666666667,0.00360155249162893,16916.6666666667,0.0174304119945778
16930.5555555556,0.00670050561237824,16930.5555555556,0.0278842638837542
16944.4444444444,0.0142907995815654,16944.4444444444,0.0325455216097804
16958.3333333333,0.0280010068022949,16958.3333333333,0.0194301320534115
16972.2222222222,0.0337562432291185,16972.2222222222,0.0166738501302463
16986.1111111111,0.0233591780037111,16986.1111111111,0.0239896406232176
17000,0.013692943727345,17000,0.0265186022437972
17013.8888888889,0.0155402571520859,17013.8888888889,0.0300006015049254
17027.7777777778,0.018793123195399,17027.7777777778,0.0338922600812983
17041.6666666667,0.0237704667948045,17041.6666666667,0.0328817856639203
17055.5555555556,0.0277999898346677,17055.5555555556,0.028321073321828
17069.4444444444,0.0288445584498316,17069.4444444444,0.0391654629418769
17083.3333333333,0.0196431715638015,17083.3333333333,0.0537345429468074
17097.2222222222,0.00873734893985135,17097.2222222222,0.0465778193827824
17111.1111111111,0.0256222716309016,17111.1111111111,0.0209357935255175
17125,0.0250383127480678,17125,0.00759978754258456
17138.8888888889,0.0057922422999402,17138.8888888889,0.0166255805210257
17152.7777777778,0.0102482438226325,17152.7777777778,0.0236114155578326
17166.6666666667,0.0121320731251876,17166.6666666667,0.0204122253484278
17180.5555555556,0.0173215335948698,17180.5555555556,0.0117180159037167
17194.4444444444,0.0369187873397508,17194.4444444444,0.00958664905413372
17208.3333333333,0.0508135439880702,17208.3333333333,0.0118795836619278
17222.2222222222,0.0355950483620941,17222.2222222222,0.0100666515699735
17236.1111111111,0.0077238296833315,17236.1111111111,0.0179874102980153
17250,0.0103670579340374,17250,0.0197073927984051
17263.8888888889,0.00871631470540356,17263.8888888889,0.0092969021921634
17277.7777777778,0.0211301220017332,17277.7777777778,0.0259760556650205
17291.6666666667,0.0121468349527123,17291.6666666667,0.0387522421088358
17305.5555555556,0.0150712065955482,17305.5555555556,0.0312581447813174
17319.4444444444,0.0158970691985387,17319.4444444444,0.017761436789581
17333.3333333333,0.0125089893639906,17333.3333333333,0.0289503638626498
17347.2222222222,0.0161085291933663,17347.2222222222,0.0302106780742628
17361.1111111111,0.00471748815356362,17361.1111111111,0.0113106805323939
17375,0.0131845712176541,17375,0.0102526603278442
17388.8888888889,0.0188617633039862,17388.8888888889,0.0172770190995548
17402.7777777778,0.0197690261390721,17402.7777777778,0.0140638803110688
17416.6666666667,0.0236809662714098,17416.6666666667,0.0213873147632069
17430.5555555556,0.0203340136467057,17430.5555555556,0.0390962400022
17444.4444444444,0.00832926813850771,17444.4444444444,0.0561469881863515
17458.3333333333,0.0197415339095346,17458.3333333333,0.0554906751917245
17472.2222222222,0.0257182499104765,17472.2222222222,0.0333323371972019
17486.1111111111,0.0317136398969863,17486.1111111111,0.0206851278894694
17500,0.0311793357157611,17500,0.0219046600306927
17513.8888888889,0.0143855768935245,17513.8888888889,0.0345623249859043
17527.7777777778,0.00839815410530962,17527.7777777778,0.0500793342987749
17541.6666666667,0.00792273567673512,17541.6666666667,0.0436428577447738
17555.5555555556,0.0119916689200492,17555.5555555556,0.0343069105677847
17569.4444444444,0.0186408919196309,17569.4444444444,0.0292503146948377
17583.3333333333,0.00991937254681838,17583.3333333333,0.0118174276186537
17597.2222222222,0.0120551012082144,17597.2222222222,0.0326849536471168
17611.1111111111,0.0331592397239349,17611.1111111111,0.0458869400434407
17625,0.0387446002141571,17625,0.031263275230281
17638.8888888889,0.0240342566614184,17638.8888888889,0.00760549938332166
17652.7777777778,0.0110400251061965,17652.7777777778,0.00511112415978006
17666.6666666667,0.0345146638570397,17666.6666666667,0.00455743030683462
17680.5555555556,0.0464010405175991,17680.5555555556,0.0111320969979505
17694.4444444444,0.044992200190057,17694.4444444444,0.0195783168531041
17708.3333333333,0.0396149911466793,17708.3333333333,0.0157640469817312
17722.2222222222,0.037520635848814,17722.2222222222,0.0175807239335439
17736.1111111111,0.0345576207108875,17736.1111111111,0.0247562521103589
17750,0.0299103930033556,17750,0.0143427108897998
17763.8888888889,0.0402923088779355,17763.8888888889,0.0110771827295815
17777.7777777778,0.0336093387731263,17777.7777777778,0.0146913226169407
17791.6666666667,0.00990009737534286,17791.6666666667,0.0235896306505066
17805.5555555556,0.0307733757585107,17805.5555555556,0.0198822235105554
17819.4444444444,0.0322780871306902,17819.4444444444,0.0189466466296688
17833.3333333333,0.0249402765920274,17833.3333333333,0.0609559350472072
17847.2222222222,0.0330502777563133,17847.2222222222,0.0634083195673115
17861.1111111111,0.0284230763605629,17861.1111111111,0.0234948287947201
17875,0.0171178327922299,17875,0.0149001709167372
17888.8888888889,0.0146602225614152,17888.8888888889,0.0178839964354067
17902.7777777778,0.0237094531585456,17902.7777777778,0.0364131918519554
17916.6666666667,0.0477814155693054,17916.6666666667,0.0485844485441954
17930.5555555556,0.0584149030541092,17930.5555555556,0.0314456874999911
17944.4444444444,0.0470563107016289,17944.4444444444,0.0299167172598643
17958.3333333333,0.0343705957328008,17958.3333333333,0.0204871387291272
17972.2222222222,0.028742659524882,17972.2222222222,0.0124461432391399
17986.1111111111,0.0258311673909796,17986.1111111111,0.0315820816511116
18000,0.0259155214441805,18000,0.0182323632773281
18013.8888888889,0.0119142760022865,18013.8888888889,0.00864462757627821
18027.7777777778,0.00805235158511346,18027.7777777778,0.0129450575862522
18041.6666666667,0.0136560636506285,18041.6666666667,0.00490731499436993
18055.5555555556,0.00609618849906872,18055.5555555556,0.0130734936226073
18069.4444444444,0.0211582067477385,18069.4444444444,0.0130976942145961
18083.3333333333,0.0425050386001283,18083.3333333333,0.0130211421895737
18097.2222222222,0.0421449584992869,18097.2222222222,0.018244179757323
18111.1111111111,0.0139691127727769,18111.1111111111,0.0279383953565573
18125,0.0210139449772131,18125,0.0291672782413458
18138.8888888889,0.0247310075667554,18138.8888888889,0.0246050391621695
18152.7777777778,0.0105252078965057,18152.7777777778,0.0200107082945331
18166.6666666667,0.0123990745915968,18166.6666666667,0.00929345609902208
18180.5555555556,0.00915445422647258,18180.5555555556,0.0101784288551628
18194.4444444444,0.0252586456197411,18194.4444444444,0.0196969031353734
18208.3333333333,0.0268306900532489,18208.3333333333,0.0448368070268643
18222.2222222222,0.0118518905505938,18222.2222222222,0.0484344973847458
18236.1111111111,0.0247965056590163,18236.1111111111,0.0209179075429716
18250,0.0334168397080837,18250,0.03230472677119
18263.8888888889,0.0193289237261386,18263.8888888889,0.0391612471918992
18277.7777777778,0.00923103615804224,18277.7777777778,0.0189384689057911
18291.6666666667,0.0204327569433996,18291.6666666667,0.0143188870605084
18305.5555555556,0.0232619767625254,18305.5555555556,0.021221534779817
18319.4444444444,0.014798145984827,18319.4444444444,0.0133350558791619
18333.3333333333,0.0156273691149824,18333.3333333333,0.0219877268448979
18347.2222222222,0.0229036233532474,18347.2222222222,0.0412577989676303
18361.1111111111,0.0216109684917429,18361.1111111111,0.0264684140973943
18375,0.0292923548699236,18375,0.0139939315413399
18388.8888888889,0.0194856931750895,18388.8888888889,0.0243396770741573
18402.7777777778,0.0104914243752028,18402.7777777778,0.0310895524495634
18416.6666666667,0.0262761764601543,18416.6666666667,0.032140354468754
18430.5555555556,0.0183998770257978,18430.5555555556,0.00908969256706777
18444.4444444444,0.00993701921039427,18444.4444444444,0.0219118086194463
18458.3333333333,0.020671722714465,18458.3333333333,0.0203411767330534
18472.2222222222,0.024685608895965,18472.2222222222,0.0141888468297241
18486.1111111111,0.0197095392576693,18486.1111111111,0.0130676087839417
18500,0.011797583764777,18500,0.0252871116722204
18513.8888888889,0.0172605278878066,18513.8888888889,0.0248135334794438
18527.7777777778,0.0252930128641669,18527.7777777778,0.0132427813215182
18541.6666666667,0.023991113098947,18541.6666666667,0.0432470132931355
18555.5555555556,0.0162898096630353,18555.5555555556,0.0300753151697148
18569.4444444444,0.00676923338344367,18569.4444444444,0.0149728759106091
18583.3333333333,0.0280076896228511,18583.3333333333,0.0437552111253997
18597.2222222222,0.0374851902473709,18597.2222222222,0.0337779706855809
18611.1111111111,0.0271705641454436,18611.1111111111,0.00974918192881099
18625,0.0215191259378213,18625,0.0164149284636767
18638.8888888889,0.0308204458028357,18638.8888888889,0.0205449950375393
18652.7777777778,0.0242634091471506,18652.7777777778,0.0152707804118407
18666.6666666667,0.033589701378737,18666.6666666667,0.00677363321279087
18680.5555555556,0.0677041639972353,18680.5555555556,0.02797565506195
18694.4444444444,0.0654600151092749,18694.4444444444,0.0336136560454482
18708.3333333333,0.0303604952366121,18708.3333333333,0.0161736317141026
18722.2222222222,0.0133367268119973,18722.2222222222,0.00768428024271866
18736.1111111111,0.0206541472875224,18736.1111111111,0.00733213985016151
18750,0.034672509022585,18750,0.00405719179072654
18763.8888888889,0.0341638468773578,18763.8888888889,0.0148612556467406
18777.7777777778,0.0223111450644072,18777.7777777778,0.0215228938841517
18791.6666666667,0.0291041616881262,18791.6666666667,0.0191952618411845
18805.5555555556,0.035789453102798,18805.5555555556,0.0276197258528703
18819.4444444444,0.0291084489420417,18819.4444444444,0.0397081016140656
18833.3333333333,0.0160654088810474,18833.3333333333,0.0451359267230359
18847.2222222222,0.0115218459331081,18847.2222222222,0.0465748399037283
18861.1111111111,0.0109957889940466,18861.1111111111,0.0390377197519061
18875,0.00490726584765282,18875,0.026677539914579
18888.8888888889,0.0199724352741434,18888.8888888889,0.00852234374295867
18902.7777777778,0.0370463828479757,18902.7777777778,0.00999991777097314
18916.6666666667,0.0333934414790281,18916.6666666667,0.00597547008268443
18930.5555555556,0.0149455007544386,18930.5555555556,0.0237080101090086
18944.4444444444,0.019189013622215,18944.4444444444,0.0321354160924187
18958.3333333333,0.0207671989859348,18958.3333333333,0.0149925797717131
18972.2222222222,0.0164157227729067,18972.2222222222,0.00971668775609217
18986.1111111111,0.0221936705287225,18986.1111111111,0.0209005455361415
19000,0.0126053740348492,19000,0.0179364294715944
19013.8888888889,0.0148802772907155,19013.8888888889,0.00715743689320653
19027.7777777778,0.0311190945080665,19027.7777777778,0.0251985831428387
19041.6666666667,0.0232407267758339,19041.6666666667,0.0246684366982424
19055.5555555556,0.0140912245924821,19055.5555555556,0.00916277821408283
19069.4444444444,0.0243053581679348,19069.4444444444,0.00389369704164457
19083.3333333333,0.017180573115467,19083.3333333333,0.0128280475973571
19097.2222222222,0.0052881584857337,19097.2222222222,0.0285602225243953
19111.1111111111,0.00992765411794619,19111.1111111111,0.0308574864679552
19125,0.0235406753841989,19125,0.0253985931195299
19138.8888888889,0.0233187652328332,19138.8888888889,0.0127108045761305
19152.7777777778,0.0105840319384423,19152.7777777778,0.0243334978555224
19166.6666666667,0.0344043456684469,19166.6666666667,0.044980899311203
19180.5555555556,0.0329584171388119,19180.5555555556,0.0396633084772474
19194.4444444444,0.0121507919535741,19194.4444444444,0.0109694401874244
19208.3333333333,0.0151023736076781,19208.3333333333,0.022335126405202
19222.2222222222,0.0129499325411053,19222.2222222222,0.0334562858171374
19236.1111111111,0.0265723452847757,19236.1111111111,0.024476792434658
19250,0.0382130600889742,19250,0.0103119638231547
19263.8888888889,0.0460684935020995,19263.8888888889,0.00380263929369147
19277.7777777778,0.047107934582021,19277.7777777778,0.0170010925175536
19291.6666666667,0.041119503742498,19291.6666666667,0.0244168791357385
19305.5555555556,0.0242484210990803,19305.5555555556,0.0129082401800888
19319.4444444444,0.0137641787240446,19319.4444444444,0.020541880389561
19333.3333333333,0.0317817682574803,19333.3333333333,0.0408083096877738
19347.2222222222,0.0206406493614958,19347.2222222222,0.0342741893310537
19361.1111111111,0.0087384914724607,19361.1111111111,0.0378043131130696
19375,0.0231182212086593,19375,0.0571537965175126
19388.8888888889,0.0196966239559351,19388.8888888889,0.0432745308694381
19402.7777777778,0.00769093842508902,19402.7777777778,0.0138527926188399
19416.6666666667,0.020266406892606,19416.6666666667,0.0534684359314051
19430.5555555556,0.0290025940808729,19430.5555555556,0.0744551700217646
19444.4444444444,0.0179350769271313,19444.4444444444,0.0543338103923447
19458.3333333333,0.0218248398253848,19458.3333333333,0.0242500106140408
19472.2222222222,0.0291709721631844,19472.2222222222,0.0388292777562869
19486.1111111111,0.0198931555477586,19486.1111111111,0.0379339955480363
19500,0.00631392635987349,19500,0.0113151552313226
19513.8888888889,0.0195543571593308,19513.8888888889,0.0219244127125896
19527.7777777778,0.0143924422765247,19527.7777777778,0.0457183672209314
19541.6666666667,0.0086913800219346,19541.6666666667,0.0501793209152505
19555.5555555556,0.0106289857820072,19555.5555555556,0.0247149739760517
19569.4444444444,0.017515939365325,19569.4444444444,0.0118747015927128
19583.3333333333,0.028502014558177,19583.3333333333,0.0232451218354118
19597.2222222222,0.0151613386387075,19597.2222222222,0.0174178760729378
19611.1111111111,0.0414638825293439,19611.1111111111,0.0165247082046744
19625,0.0401224758864877,19625,0.016296828502836
19638.8888888889,0.0122771657785169,19638.8888888889,0.0231858228581297
19652.7777777778,0.032737843134331,19652.7777777778,0.0411709433931323
19666.6666666667,0.0364719175234623,19666.6666666667,0.0801601507932795
19680.5555555556,0.0587723106327026,19680.5555555556,0.0703843890782805
19694.4444444444,0.0566283048234156,19694.4444444444,0.0226960560540748
19708.3333333333,0.0395050142538965,19708.3333333333,0.0739870794825243
19722.2222222222,0.0497179340555596,19722.2222222222,0.0748813320238828
19736.1111111111,0.0311197398267511,19736.1111111111,0.0198525115399075
19750,0.0137319630017345,19750,0.0294364312355817
19763.8888888889,0.0144236919158232,19763.8888888889,0.0232263048878601
19777.7777777778,0.0345754778481927,19777.7777777778,0.0307252962502131
19791.6666666667,0.065799287515016,19791.6666666667,0.0406571428804268
19805.5555555556,0.0615938054603277,19805.5555555556,0.0227749794908469
19819.4444444444,0.0316072366772758,19819.4444444444,0.0168972900771004
19833.3333333333,0.00879926629672848,19833.3333333333,0.0110297230682652
19847.2222222222,0.0176345537717167,19847.2222222222,0.0125182386637672
19861.1111111111,0.0344027710764797,19861.1111111111,0.0272324003603346
19875,0.0412761242773135,19875,0.033125517544151
19888.8888888889,0.0237794979165474,19888.8888888889,0.0199599607701743
19902.7777777778,0.0234390468372576,19902.7777777778,0.00944012010261448
19916.6666666667,0.0428121580174344,19916.6666666667,0.020652703348626
19930.5555555556,0.0164971643571131,19930.5555555556,0.0165576203585598
19944.4444444444,0.0391815628412261,19944.4444444444,0.0564510443945279
19958.3333333333,0.0540689316155339,19958.3333333333,0.0610040995633385
19972.2222222222,0.0269896228539432,19972.2222222222,0.0217598655061178
19986.1111111111,0.102048709857223,19986.1111111111,0.0835364720458587
20000,0.130878048911402,20000,0.114084419009125
