L-R-Diff Raw,
L-R-Diff Left,
X,Y
Hz,dB
17.36111111,0
20.83333333,0
24.30555556,0
27.77777778,0
31.25,0
34.72222222,0
38.19444444,0
41.66666667,0
45.13888889,0
48.61111111,0
52.08333333,0
55.55555556,0
59.02777778,0
62.5,0
65.97222222,0
69.44444444,0
72.91666667,0
76.38888889,0
79.86111111,0
83.33333333,0
86.80555556,0
90.27777778,0
93.75,0
97.22222222,0
100.6944444,0
104.1666667,0
107.6388889,0
111.1111111,0
114.5833333,0
118.0555556,0
121.5277778,0
125,0
128.4722222,0
131.9444444,0
135.4166667,0
138.8888889,0
142.3611111,0
145.8333333,0
149.3055556,0
152.7777778,0
156.25,0
159.7222222,0
163.1944444,0
166.6666667,0
170.1388889,0
173.6111111,0
177.0833333,0
180.5555556,0
184.0277778,0
187.5,0
190.9722222,0
194.4444444,0
197.9166667,0
201.3888889,0
204.8611111,0
208.3333333,0
211.8055556,0
215.2777778,0
218.75,0
222.2222222,0
225.6944444,0
229.1666667,0
232.6388889,0
236.1111111,0
239.5833333,0
243.0555556,0
246.5277778,0
250,0
253.4722222,0
256.9444444,0
260.4166667,0
263.8888889,0
267.3611111,0
270.8333333,0
274.3055556,0
277.7777778,0
281.25,0
284.7222222,0
288.1944444,0
291.6666667,0
295.1388889,0
298.6111111,0
302.0833333,0
305.5555556,0
309.0277778,0
312.5,0
315.9722222,0
319.4444444,0
322.9166667,0
326.3888889,0
329.8611111,0
333.3333333,0
336.8055556,0
340.2777778,0
343.75,0
347.2222222,0
350.6944444,0
354.1666667,0
357.6388889,0
361.1111111,0
364.5833333,0
368.0555556,0
371.5277778,0
375,0
378.4722222,0
381.9444444,0
385.4166667,0
388.8888889,0
392.3611111,0
395.8333333,0
399.3055556,0
402.7777778,0
406.25,0
409.7222222,0
413.1944444,0
416.6666667,0
420.1388889,0
423.6111111,0
427.0833333,0
430.5555556,0
434.0277778,0
437.5,0
440.9722222,0
444.4444444,0
447.9166667,0
451.3888889,0
454.8611111,0
458.3333333,0
461.8055556,0
465.2777778,0
468.75,0
472.2222222,0
475.6944444,0
479.1666667,0
482.6388889,0
486.1111111,0
489.5833333,0
493.0555556,0
496.5277778,0
500,0
503.4722222,0
506.9444444,0
510.4166667,0
513.8888889,0
517.3611111,0
520.8333333,0
524.3055556,0
527.7777778,0
531.25,0
534.7222222,0
538.1944444,0
541.6666667,0
545.1388889,0
548.6111111,0
552.0833333,0
555.5555556,0
559.0277778,0
562.5,0
565.9722222,0
569.4444444,0
572.9166667,0
576.3888889,0
579.8611111,0
583.3333333,0
586.8055556,0
590.2777778,0
593.75,0
597.2222222,0
600.6944444,0
604.1666667,0
607.6388889,0
611.1111111,0
614.5833333,0
618.0555556,0
621.5277778,0
625,0
628.4722222,0
631.9444444,0
635.4166667,0
638.8888889,0
642.3611111,0
645.8333333,0
649.3055556,0
652.7777778,0
656.25,0
659.7222222,0
663.1944444,0
666.6666667,0
670.1388889,0
673.6111111,0
677.0833333,0
680.5555556,0
684.0277778,0
687.5,0
690.9722222,0
694.4444444,0
697.9166667,0
701.3888889,0
704.8611111,0
708.3333333,0
711.8055556,0
715.2777778,0
718.75,0
722.2222222,0
725.6944444,0
729.1666667,0
732.6388889,0
736.1111111,0
739.5833333,0
743.0555556,0
746.5277778,0
750,0
753.4722222,0
756.9444444,0
760.4166667,0
763.8888889,0
767.3611111,0
770.8333333,0
774.3055556,0
777.7777778,0
781.25,0
784.7222222,0
788.1944444,0
791.6666667,0
795.1388889,0
798.6111111,0
802.0833333,0
805.5555556,0
809.0277778,0
812.5,0
815.9722222,0
819.4444444,0
822.9166667,0
826.3888889,0
829.8611111,0
833.3333333,0
836.8055556,0
840.2777778,0
843.75,0
847.2222222,0
850.6944444,0
854.1666667,0
857.6388889,0
861.1111111,0
864.5833333,0
868.0555556,0
871.5277778,0
875,0
878.4722222,0
881.9444444,0
885.4166667,0
888.8888889,0
892.3611111,0
895.8333333,0
899.3055556,0
902.7777778,0
906.25,0
909.7222222,0
913.1944444,0
916.6666667,0
920.1388889,0
923.6111111,0
927.0833333,0
930.5555556,0
934.0277778,0
937.5,0
940.9722222,0
944.4444444,0
947.9166667,0
951.3888889,0
954.8611111,0
958.3333333,0
961.8055556,0
965.2777778,0
968.75,0
972.2222222,0
975.6944444,0
979.1666667,0
982.6388889,0
986.1111111,0
989.5833333,0
993.0555556,0
996.5277778,0
1000,0
1003.472222,0
1006.944444,0
1010.416667,0
1013.888889,0
1017.361111,0
1020.833333,0
1024.305556,0
1027.777778,0
1031.25,0
1034.722222,0
1038.194444,0
1041.666667,0
1045.138889,0
1048.611111,0
1052.083333,0
1055.555556,0
1059.027778,0
1062.5,0
1065.972222,0
1069.444444,0
1072.916667,0
1076.388889,0
1079.861111,0
1083.333333,0
1086.805556,0
1090.277778,0
1093.75,0
1097.222222,0
1100.694444,0
1104.166667,0
1107.638889,0
1111.111111,0
1114.583333,0
1118.055556,0
1121.527778,0
1125,0
1128.472222,0
1131.944444,0
1135.416667,0
1138.888889,0
1142.361111,0
1145.833333,0
1149.305556,0
1152.777778,0
1156.25,0
1159.722222,0
1163.194444,0
1166.666667,0
1170.138889,0
1173.611111,0
1177.083333,0
1180.555556,0
1184.027778,0
1187.5,0
1190.972222,0
1194.444444,0
1197.916667,0
1201.388889,0
1204.861111,0
1208.333333,0
1211.805556,0
1215.277778,0
1218.75,0
1222.222222,0
1225.694444,0
1229.166667,0
1232.638889,0
1236.111111,0
1239.583333,0
1243.055556,0
1246.527778,0
1250,0
1253.472222,0
1256.944444,0
1260.416667,0
1263.888889,0
1267.361111,0
1270.833333,0
1274.305556,0
1277.777778,0
1281.25,0
1284.722222,0
1288.194444,0
1291.666667,0
1295.138889,0
1298.611111,0
1302.083333,0
1305.555556,0
1309.027778,0
1312.5,0
1315.972222,0
1319.444444,0
1322.916667,0
1326.388889,0
1329.861111,0
1333.333333,0
1336.805556,0
1340.277778,0
1343.75,0
1347.222222,0
1350.694444,0
1354.166667,0
1357.638889,0
1361.111111,0
1364.583333,0
1368.055556,0
1371.527778,0
1375,0
1378.472222,0
1381.944444,0
1385.416667,0
1388.888889,0
1392.361111,0
1395.833333,0
1399.305556,0
1402.777778,0
1406.25,0
1409.722222,0
1413.194444,0
1416.666667,0
1420.138889,0
1423.611111,0
1427.083333,0
1430.555556,0
1434.027778,0
1437.5,0
1440.972222,0
1444.444444,0
1447.916667,0
1451.388889,0
1454.861111,0
1458.333333,0
1461.805556,0
1465.277778,0
1468.75,0
1472.222222,0
1475.694444,0
1479.166667,0
1482.638889,0
1486.111111,0
1489.583333,0
1493.055556,0
1496.527778,0
1500,0
1503.472222,0
1506.944444,0
1510.416667,0
1513.888889,0
1517.361111,0
1520.833333,0
1524.305556,0
1527.777778,0
1531.25,0
1534.722222,0
1538.194444,0
1541.666667,0
1545.138889,0
1548.611111,0
1552.083333,0
1555.555556,0
1559.027778,0
1562.5,0
1565.972222,0
1569.444444,0
1572.916667,0
1576.388889,0
1579.861111,0
1583.333333,0
1586.805556,0
1590.277778,0
1593.75,0
1597.222222,0
1600.694444,0
1604.166667,0
1607.638889,0
1611.111111,0
1614.583333,0
1618.055556,0
1621.527778,0
1625,0
1628.472222,0
1631.944444,0
1635.416667,0
1638.888889,0
1642.361111,0
1645.833333,0
1649.305556,0
1652.777778,0
1656.25,0
1659.722222,0
1663.194444,0
1666.666667,0
1670.138889,0
1673.611111,0
1677.083333,0
1680.555556,0
1684.027778,0
1687.5,0
1690.972222,0
1694.444444,0
1697.916667,0
1701.388889,0
1704.861111,0
1708.333333,0
1711.805556,0
1715.277778,0
1718.75,0
1722.222222,0
1725.694444,0
1729.166667,0
1732.638889,0
1736.111111,0
1739.583333,0
1743.055556,0
1746.527778,0
1750,0
1753.472222,0
1756.944444,0
1760.416667,0
1763.888889,0
1767.361111,0
1770.833333,0
1774.305556,0
1777.777778,0
1781.25,0
1784.722222,0
1788.194444,0
1791.666667,0
1795.138889,0
1798.611111,0
1802.083333,0
1805.555556,0
1809.027778,0
1812.5,0
1815.972222,0
1819.444444,0
1822.916667,0
1826.388889,0
1829.861111,0
1833.333333,0
1836.805556,0
1840.277778,0
1843.75,0
1847.222222,0
1850.694444,0
1854.166667,0
1857.638889,0
1861.111111,0
1864.583333,0
1868.055556,0
1871.527778,0
1875,0
1878.472222,0
1881.944444,0
1885.416667,0
1888.888889,0
1892.361111,0
1895.833333,0
1899.305556,0
1902.777778,0
1906.25,0
1909.722222,0
1913.194444,0
1916.666667,0
1920.138889,0
1923.611111,0
1927.083333,0
1930.555556,0
1934.027778,0
1937.5,0
1940.972222,0
1944.444444,0
1947.916667,0
1951.388889,0
1954.861111,0
1958.333333,0
1961.805556,0
1965.277778,0
1968.75,0
1972.222222,0
1975.694444,0
1979.166667,0
1982.638889,0
1986.111111,0
1989.583333,0
1993.055556,0
1996.527778,0
2000,0
2003.472222,0
2006.944444,0
2010.416667,0
2013.888889,0
2017.361111,0
2020.833333,0
2024.305556,0
2027.777778,0
2031.25,0
2034.722222,0
2038.194444,0
2041.666667,0
2045.138889,0
2048.611111,0
2052.083333,0
2055.555556,0
2059.027778,0
2062.5,0
2065.972222,0
2069.444444,0
2072.916667,0
2076.388889,0
2079.861111,0
2083.333333,0
2086.805556,0
2090.277778,0
2093.75,0
2097.222222,0
2100.694444,0
2104.166667,0
2107.638889,0
2111.111111,0
2114.583333,0
2118.055556,0
2121.527778,0
2125,0
2128.472222,0
2131.944444,0
2135.416667,0
2138.888889,0
2142.361111,0
2145.833333,0
2149.305556,0
2152.777778,0
2156.25,0
2159.722222,0
2163.194444,0
2166.666667,0
2170.138889,0
2173.611111,0
2177.083333,0
2180.555556,0
2184.027778,0
2187.5,0
2190.972222,0
2194.444444,0
2197.916667,0
2201.388889,0
2204.861111,0
2208.333333,0
2211.805556,0
2215.277778,0
2218.75,0
2222.222222,0
2225.694444,0
2229.166667,0
2232.638889,0
2236.111111,0
2239.583333,0
2243.055556,0
2246.527778,0
2250,0
2253.472222,0
2256.944444,0
2260.416667,0
2263.888889,0
2267.361111,0
2270.833333,0
2274.305556,0
2277.777778,0
2281.25,0
2284.722222,0
2288.194444,0
2291.666667,0
2295.138889,0
2298.611111,0
2302.083333,0
2305.555556,0
2309.027778,0
2312.5,0
2315.972222,0
2319.444444,0
2322.916667,0
2326.388889,0
2329.861111,0
2333.333333,0
2336.805556,0
2340.277778,0
2343.75,0
2347.222222,0
2350.694444,0
2354.166667,0
2357.638889,0
2361.111111,0
2364.583333,0
2368.055556,0
2371.527778,0
2375,0
2378.472222,0
2381.944444,0
2385.416667,0
2388.888889,0
2392.361111,0
2395.833333,0
2399.305556,0
2402.777778,0
2406.25,0
2409.722222,0
2413.194444,0
2416.666667,0
2420.138889,0
2423.611111,0
2427.083333,0
2430.555556,0
2434.027778,0
2437.5,0
2440.972222,0
2444.444444,0
2447.916667,0
2451.388889,0
2454.861111,0
2458.333333,0
2461.805556,0
2465.277778,0
2468.75,0
2472.222222,0
2475.694444,0
2479.166667,0
2482.638889,0
2486.111111,0
2489.583333,0
2493.055556,0
2496.527778,0
2500,0
2503.472222,0
2506.944444,0
2510.416667,0
2513.888889,0
2517.361111,0
2520.833333,0
2524.305556,0
2527.777778,0
2531.25,0
2534.722222,0
2538.194444,0
2541.666667,0
2545.138889,0
2548.611111,0
2552.083333,0
2555.555556,0
2559.027778,0
2562.5,0
2565.972222,0
2569.444444,0
2572.916667,0
2576.388889,0
2579.861111,0
2583.333333,0
2586.805556,0
2590.277778,0
2593.75,0
2597.222222,0
2600.694444,0
2604.166667,0
2607.638889,0
2611.111111,0
2614.583333,0
2618.055556,0
2621.527778,0
2625,0
2628.472222,0
2631.944444,0
2635.416667,0
2638.888889,0
2642.361111,0
2645.833333,0
2649.305556,0
2652.777778,0
2656.25,0
2659.722222,0
2663.194444,0
2666.666667,0
2670.138889,0
2673.611111,0
2677.083333,0
2680.555556,0
2684.027778,0
2687.5,0
2690.972222,0
2694.444444,0
2697.916667,0
2701.388889,0
2704.861111,0
2708.333333,0
2711.805556,0
2715.277778,0
2718.75,0
2722.222222,0
2725.694444,0
2729.166667,0
2732.638889,0
2736.111111,0
2739.583333,0
2743.055556,0
2746.527778,0
2750,0
2753.472222,0
2756.944444,0
2760.416667,0
2763.888889,0
2767.361111,0
2770.833333,0
2774.305556,0
2777.777778,0
2781.25,0
2784.722222,0
2788.194444,0
2791.666667,0
2795.138889,0
2798.611111,0
2802.083333,0
2805.555556,0
2809.027778,0
2812.5,0
2815.972222,0
2819.444444,0
2822.916667,0
2826.388889,0
2829.861111,0
2833.333333,0
2836.805556,0
2840.277778,0
2843.75,0
2847.222222,0
2850.694444,0
2854.166667,0
2857.638889,0
2861.111111,0
2864.583333,0
2868.055556,0
2871.527778,0
2875,0
2878.472222,0
2881.944444,0
2885.416667,0
2888.888889,0
2892.361111,0
2895.833333,0
2899.305556,0
2902.777778,0
2906.25,0
2909.722222,0
2913.194444,0
2916.666667,0
2920.138889,0
2923.611111,0
2927.083333,0
2930.555556,0
2934.027778,0
2937.5,0
2940.972222,0
2944.444444,0
2947.916667,0
2951.388889,0
2954.861111,0
2958.333333,0
2961.805556,0
2965.277778,0
2968.75,0
2972.222222,0
2975.694444,0
2979.166667,0
2982.638889,0
2986.111111,0
2989.583333,0
2993.055556,0
2996.527778,0
3000,0
3003.472222,0
3006.944444,0
3010.416667,0
3013.888889,0
3017.361111,0
3020.833333,0
3024.305556,0
3027.777778,0
3031.25,0
3034.722222,0
3038.194444,0
3041.666667,0
3045.138889,0
3048.611111,0
3052.083333,0
3055.555556,0
3059.027778,0
3062.5,0
3065.972222,0
3069.444444,0
3072.916667,0
3076.388889,0
3079.861111,0
3083.333333,0
3086.805556,0
3090.277778,0
3093.75,0
3097.222222,0
3100.694444,0
3104.166667,0
3107.638889,0
3111.111111,0
3114.583333,0
3118.055556,0
3121.527778,0
3125,0
3128.472222,0
3131.944444,0
3135.416667,0
3138.888889,0
3142.361111,0
3145.833333,0
3149.305556,0
3152.777778,0
3156.25,0
3159.722222,0
3163.194444,0
3166.666667,0
3170.138889,0
3173.611111,0
3177.083333,0
3180.555556,0
3184.027778,0
3187.5,0
3190.972222,0
3194.444444,0
3197.916667,0
3201.388889,0
3204.861111,0
3208.333333,0
3211.805556,0
3215.277778,0
3218.75,0
3222.222222,0
3225.694444,0
3229.166667,0
3232.638889,0
3236.111111,0
3239.583333,0
3243.055556,0
3246.527778,0
3250,0
3253.472222,0
3256.944444,0
3260.416667,0
3263.888889,0
3267.361111,0
3270.833333,0
3274.305556,0
3277.777778,0
3281.25,0
3284.722222,0
3288.194444,0
3291.666667,0
3295.138889,0
3298.611111,0
3302.083333,0
3305.555556,0
3309.027778,0
3312.5,0
3315.972222,0
3319.444444,0
3322.916667,0
3326.388889,0
3329.861111,0
3333.333333,0
3336.805556,0
3340.277778,0
3343.75,0
3347.222222,0
3350.694444,0
3354.166667,0
3357.638889,0
3361.111111,0
3364.583333,0
3368.055556,0
3371.527778,0
3375,0
3378.472222,0
3381.944444,0
3385.416667,0
3388.888889,0
3392.361111,0
3395.833333,0
3399.305556,0
3402.777778,0
3406.25,0
3409.722222,0
3413.194444,0
3416.666667,0
3420.138889,0
3423.611111,0
3427.083333,0
3430.555556,0
3434.027778,0
3437.5,0
3440.972222,0
3444.444444,0
3447.916667,0
3451.388889,0
3454.861111,0
3458.333333,0
3461.805556,0
3465.277778,0
3468.75,0
3472.222222,0
3475.694444,0
3479.166667,0
3482.638889,0
3486.111111,0
3489.583333,0
3493.055556,0
3496.527778,0
3500,0
3503.472222,0
3506.944444,0
3510.416667,0
3513.888889,0
3517.361111,0
3520.833333,0
3524.305556,0
3527.777778,0
3531.25,0
3534.722222,0
3538.194444,0
3541.666667,0
3545.138889,0
3548.611111,0
3552.083333,0
3555.555556,0
3559.027778,0
3562.5,0
3565.972222,0
3569.444444,0
3572.916667,0
3576.388889,0
3579.861111,0
3583.333333,0
3586.805556,0
3590.277778,0
3593.75,0
3597.222222,0
3600.694444,0
3604.166667,0
3607.638889,0
3611.111111,0
3614.583333,0
3618.055556,0
3621.527778,0
3625,0
3628.472222,0
3631.944444,0
3635.416667,0
3638.888889,0
3642.361111,0
3645.833333,0
3649.305556,0
3652.777778,0
3656.25,0
3659.722222,0
3663.194444,0
3666.666667,0
3670.138889,0
3673.611111,0
3677.083333,0
3680.555556,0
3684.027778,0
3687.5,0
3690.972222,0
3694.444444,0
3697.916667,0
3701.388889,0
3704.861111,0
3708.333333,0
3711.805556,0
3715.277778,0
3718.75,0
3722.222222,0
3725.694444,0
3729.166667,0
3732.638889,0
3736.111111,0
3739.583333,0
3743.055556,0
3746.527778,0
3750,0
3753.472222,0
3756.944444,0
3760.416667,0
3763.888889,0
3767.361111,0
3770.833333,0
3774.305556,0
3777.777778,0
3781.25,0
3784.722222,0
3788.194444,0
3791.666667,0
3795.138889,0
3798.611111,0
3802.083333,0
3805.555556,0
3809.027778,0
3812.5,0
3815.972222,0
3819.444444,0
3822.916667,0
3826.388889,0
3829.861111,0
3833.333333,0
3836.805556,0
3840.277778,0
3843.75,0
3847.222222,0
3850.694444,0
3854.166667,0
3857.638889,0
3861.111111,0
3864.583333,0
3868.055556,0
3871.527778,0
3875,0
3878.472222,0
3881.944444,0
3885.416667,0
3888.888889,0
3892.361111,0
3895.833333,0
3899.305556,0
3902.777778,0
3906.25,0
3909.722222,0
3913.194444,0
3916.666667,0
3920.138889,0
3923.611111,0
3927.083333,0
3930.555556,0
3934.027778,0
3937.5,0
3940.972222,0
3944.444444,0
3947.916667,0
3951.388889,0
3954.861111,0
3958.333333,0
3961.805556,0
3965.277778,0
3968.75,0
3972.222222,0
3975.694444,0
3979.166667,0
3982.638889,0
3986.111111,0
3989.583333,0
3993.055556,0
3996.527778,0
4000,0
4003.472222,0
4006.944444,0
4010.416667,0
4013.888889,0
4017.361111,0
4020.833333,0
4024.305556,0
4027.777778,0
4031.25,0
4034.722222,0
4038.194444,0
4041.666667,0
4045.138889,0
4048.611111,0
4052.083333,0
4055.555556,0
4059.027778,0
4062.5,0
4065.972222,0
4069.444444,0
4072.916667,0
4076.388889,0
4079.861111,0
4083.333333,0
4086.805556,0
4090.277778,0
4093.75,0
4097.222222,0
4100.694444,0
4104.166667,0
4107.638889,0
4111.111111,0
4114.583333,0
4118.055556,0
4121.527778,0
4125,0
4128.472222,0
4131.944444,0
4135.416667,0
4138.888889,0
4142.361111,0
4145.833333,0
4149.305556,0
4152.777778,0
4156.25,0
4159.722222,0
4163.194444,0
4166.666667,0
4170.138889,0
4173.611111,0
4177.083333,0
4180.555556,0
4184.027778,0
4187.5,0
4190.972222,0
4194.444444,0
4197.916667,0
4201.388889,0
4204.861111,0
4208.333333,0
4211.805556,0
4215.277778,0
4218.75,0
4222.222222,0
4225.694444,0
4229.166667,0
4232.638889,0
4236.111111,0
4239.583333,0
4243.055556,0
4246.527778,0
4250,0
4253.472222,0
4256.944444,0
4260.416667,0
4263.888889,0
4267.361111,0
4270.833333,0
4274.305556,0
4277.777778,0
4281.25,0
4284.722222,0
4288.194444,0
4291.666667,0
4295.138889,0
4298.611111,0
4302.083333,0
4305.555556,0
4309.027778,0
4312.5,0
4315.972222,0
4319.444444,0
4322.916667,0
4326.388889,0
4329.861111,0
4333.333333,0
4336.805556,0
4340.277778,0
4343.75,0
4347.222222,0
4350.694444,0
4354.166667,0
4357.638889,0
4361.111111,0
4364.583333,0
4368.055556,0
4371.527778,0
4375,0
4378.472222,0
4381.944444,0
4385.416667,0
4388.888889,0
4392.361111,0
4395.833333,0
4399.305556,0
4402.777778,0
4406.25,0
4409.722222,0
4413.194444,0
4416.666667,0
4420.138889,0
4423.611111,0
4427.083333,0
4430.555556,0
4434.027778,0
4437.5,0
4440.972222,0
4444.444444,0
4447.916667,0
4451.388889,0
4454.861111,0
4458.333333,0
4461.805556,0
4465.277778,0
4468.75,0
4472.222222,0
4475.694444,0
4479.166667,0
4482.638889,0
4486.111111,0
4489.583333,0
4493.055556,0
4496.527778,0
4500,0
4503.472222,0
4506.944444,0
4510.416667,0
4513.888889,0
4517.361111,0
4520.833333,0
4524.305556,0
4527.777778,0
4531.25,0
4534.722222,0
4538.194444,0
4541.666667,0
4545.138889,0
4548.611111,0
4552.083333,0
4555.555556,0
4559.027778,0
4562.5,0
4565.972222,0
4569.444444,0
4572.916667,0
4576.388889,0
4579.861111,0
4583.333333,0
4586.805556,0
4590.277778,0
4593.75,0
4597.222222,0
4600.694444,0
4604.166667,0
4607.638889,0
4611.111111,0
4614.583333,0
4618.055556,0
4621.527778,0
4625,0
4628.472222,0
4631.944444,0
4635.416667,0
4638.888889,0
4642.361111,0
4645.833333,0
4649.305556,0
4652.777778,0
4656.25,0
4659.722222,0
4663.194444,0
4666.666667,0
4670.138889,0
4673.611111,0
4677.083333,0
4680.555556,0
4684.027778,0
4687.5,0
4690.972222,0
4694.444444,0
4697.916667,0
4701.388889,0
4704.861111,0
4708.333333,0
4711.805556,0
4715.277778,0
4718.75,0
4722.222222,0
4725.694444,0
4729.166667,0
4732.638889,0
4736.111111,0
4739.583333,0
4743.055556,0
4746.527778,0
4750,0
4753.472222,0
4756.944444,0
4760.416667,0
4763.888889,0
4767.361111,0
4770.833333,0
4774.305556,0
4777.777778,0
4781.25,0
4784.722222,0
4788.194444,0
4791.666667,0
4795.138889,0
4798.611111,0
4802.083333,0
4805.555556,0
4809.027778,0
4812.5,0
4815.972222,0
4819.444444,0
4822.916667,0
4826.388889,0
4829.861111,0
4833.333333,0
4836.805556,0
4840.277778,0
4843.75,0
4847.222222,0
4850.694444,0
4854.166667,0
4857.638889,0
4861.111111,0
4864.583333,0
4868.055556,0
4871.527778,0
4875,0
4878.472222,0
4881.944444,0
4885.416667,0
4888.888889,0
4892.361111,0
4895.833333,0
4899.305556,0
4902.777778,0
4906.25,0
4909.722222,0
4913.194444,0
4916.666667,0
4920.138889,0
4923.611111,0
4927.083333,0
4930.555556,0
4934.027778,0
4937.5,0
4940.972222,0
4944.444444,0
4947.916667,0
4951.388889,0
4954.861111,0
4958.333333,0
4961.805556,0
4965.277778,0
4968.75,0
4972.222222,0
4975.694444,0
4979.166667,0
4982.638889,0
4986.111111,0
4989.583333,0
4993.055556,0
4996.527778,0
5000,0
5003.472222,0
5006.944444,0
5010.416667,0
5013.888889,0
5017.361111,0
5020.833333,0
5024.305556,0
5027.777778,0
5031.25,0
5034.722222,0
5038.194444,0
5041.666667,0
5045.138889,0
5048.611111,0
5052.083333,0
5055.555556,0
5059.027778,0
5062.5,0
5065.972222,0
5069.444444,0
5072.916667,0
5076.388889,0
5079.861111,0
5083.333333,0
5086.805556,0
5090.277778,0
5093.75,0
5097.222222,0
5100.694444,0
5104.166667,0
5107.638889,0
5111.111111,0
5114.583333,0
5118.055556,0
5121.527778,0
5125,0
5128.472222,0
5131.944444,0
5135.416667,0
5138.888889,0
5142.361111,0
5145.833333,0
5149.305556,0
5152.777778,0
5156.25,0
5159.722222,0
5163.194444,0
5166.666667,0
5170.138889,0
5173.611111,0
5177.083333,0
5180.555556,0
5184.027778,0
5187.5,0
5190.972222,0
5194.444444,0
5197.916667,0
5201.388889,0
5204.861111,0
5208.333333,0
5211.805556,0
5215.277778,0
5218.75,0
5222.222222,0
5225.694444,0
5229.166667,0
5232.638889,0
5236.111111,0
5239.583333,0
5243.055556,0
5246.527778,0
5250,0
5253.472222,0
5256.944444,0
5260.416667,0
5263.888889,0
5267.361111,0
5270.833333,0
5274.305556,0
5277.777778,0
5281.25,0
5284.722222,0
5288.194444,0
5291.666667,0
5295.138889,0
5298.611111,0
5302.083333,0
5305.555556,0
5309.027778,0
5312.5,0
5315.972222,0
5319.444444,0
5322.916667,0
5326.388889,0
5329.861111,0
5333.333333,0
5336.805556,0
5340.277778,0
5343.75,0
5347.222222,0
5350.694444,0
5354.166667,0
5357.638889,0
5361.111111,0
5364.583333,0
5368.055556,0
5371.527778,0
5375,0
5378.472222,0
5381.944444,0
5385.416667,0
5388.888889,0
5392.361111,0
5395.833333,0
5399.305556,0
5402.777778,0
5406.25,0
5409.722222,0
5413.194444,0
5416.666667,0
5420.138889,0
5423.611111,0
5427.083333,0
5430.555556,0
5434.027778,0
5437.5,0
5440.972222,0
5444.444444,0
5447.916667,0
5451.388889,0
5454.861111,0
5458.333333,0
5461.805556,0
5465.277778,0
5468.75,0
5472.222222,0
5475.694444,0
5479.166667,0
5482.638889,0
5486.111111,0
5489.583333,0
5493.055556,0
5496.527778,0
5500,0
5503.472222,0
5506.944444,0
5510.416667,0
5513.888889,0
5517.361111,0
5520.833333,0
5524.305556,0
5527.777778,0
5531.25,0
5534.722222,0
5538.194444,0
5541.666667,0
5545.138889,0
5548.611111,0
5552.083333,0
5555.555556,0
5559.027778,0
5562.5,0
5565.972222,0
5569.444444,0
5572.916667,0
5576.388889,0
5579.861111,0
5583.333333,0
5586.805556,0
5590.277778,0
5593.75,0
5597.222222,0
5600.694444,0
5604.166667,0
5607.638889,0
5611.111111,0
5614.583333,0
5618.055556,0
5621.527778,0
5625,0
5628.472222,0
5631.944444,0
5635.416667,0
5638.888889,0
5642.361111,0
5645.833333,0
5649.305556,0
5652.777778,0
5656.25,0
5659.722222,0
5663.194444,0
5666.666667,0
5670.138889,0
5673.611111,0
5677.083333,0
5680.555556,0
5684.027778,0
5687.5,0
5690.972222,0
5694.444444,0
5697.916667,0
5701.388889,0
5704.861111,0
5708.333333,0
5711.805556,0
5715.277778,0
5718.75,0
5722.222222,0
5725.694444,0
5729.166667,0
5732.638889,0
5736.111111,0
5739.583333,0
5743.055556,0
5746.527778,0
5750,0
5753.472222,0
5756.944444,0
5760.416667,0
5763.888889,0
5767.361111,0
5770.833333,0
5774.305556,0
5777.777778,0
5781.25,0
5784.722222,0
5788.194444,0
5791.666667,0
5795.138889,0
5798.611111,0
5802.083333,0
5805.555556,0
5809.027778,0
5812.5,0
5815.972222,0
5819.444444,0
5822.916667,0
5826.388889,0
5829.861111,0
5833.333333,0
5836.805556,0
5840.277778,0
5843.75,0
5847.222222,0
5850.694444,0
5854.166667,0
5857.638889,0
5861.111111,0
5864.583333,0
5868.055556,0
5871.527778,0
5875,0
5878.472222,0
5881.944444,0
5885.416667,0
5888.888889,0
5892.361111,0
5895.833333,0
5899.305556,0
5902.777778,0
5906.25,0
5909.722222,0
5913.194444,0
5916.666667,0
5920.138889,0
5923.611111,0
5927.083333,0
5930.555556,0
5934.027778,0
5937.5,0
5940.972222,0
5944.444444,0
5947.916667,0
5951.388889,0
5954.861111,0
5958.333333,0
5961.805556,0
5965.277778,0
5968.75,0
5972.222222,0
5975.694444,0
5979.166667,0
5982.638889,0
5986.111111,0
5989.583333,0
5993.055556,0
5996.527778,0
6000,0
6003.472222,0
6006.944444,0
6010.416667,0
6013.888889,0
6017.361111,0
6020.833333,0
6024.305556,0
6027.777778,0
6031.25,0
6034.722222,0
6038.194444,0
6041.666667,0
6045.138889,0
6048.611111,0
6052.083333,0
6055.555556,0
6059.027778,0
6062.5,0
6065.972222,0
6069.444444,0
6072.916667,0
6076.388889,0
6079.861111,0
6083.333333,0
6086.805556,0
6090.277778,0
6093.75,0
6097.222222,0
6100.694444,0
6104.166667,0
6107.638889,0
6111.111111,0
6114.583333,0
6118.055556,0
6121.527778,0
6125,0
6128.472222,0
6131.944444,0
6135.416667,0
6138.888889,0
6142.361111,0
6145.833333,0
6149.305556,0
6152.777778,0
6156.25,0
6159.722222,0
6163.194444,0
6166.666667,0
6170.138889,0
6173.611111,0
6177.083333,0
6180.555556,0
6184.027778,0
6187.5,0
6190.972222,0
6194.444444,0
6197.916667,0
6201.388889,0
6204.861111,0
6208.333333,0
6211.805556,0
6215.277778,0
6218.75,0
6222.222222,0
6225.694444,0
6229.166667,0
6232.638889,0
6236.111111,0
6239.583333,0
6243.055556,0
6246.527778,0
6250,0
6253.472222,0
6256.944444,0
6260.416667,0
6263.888889,0
6267.361111,0
6270.833333,0
6274.305556,0
6277.777778,0
6281.25,0
6284.722222,0
6288.194444,0
6291.666667,0
6295.138889,0
6298.611111,0
6302.083333,0
6305.555556,0
6309.027778,0
6312.5,0
6315.972222,0
6319.444444,0
6322.916667,0
6326.388889,0
6329.861111,0
6333.333333,0
6336.805556,0
6340.277778,0
6343.75,0
6347.222222,0
6350.694444,0
6354.166667,0
6357.638889,0
6361.111111,0
6364.583333,0
6368.055556,0
6371.527778,0
6375,0
6378.472222,0
6381.944444,0
6385.416667,0
6388.888889,0
6392.361111,0
6395.833333,0
6399.305556,0
6402.777778,0
6406.25,0
6409.722222,0
6413.194444,0
6416.666667,0
6420.138889,0
6423.611111,0
6427.083333,0
6430.555556,0
6434.027778,0
6437.5,0
6440.972222,0
6444.444444,0
6447.916667,0
6451.388889,0
6454.861111,0
6458.333333,0
6461.805556,0
6465.277778,0
6468.75,0
6472.222222,0
6475.694444,0
6479.166667,0
6482.638889,0
6486.111111,0
6489.583333,0
6493.055556,0
6496.527778,0
6500,0
6503.472222,0
6506.944444,0
6510.416667,0
6513.888889,0
6517.361111,0
6520.833333,0
6524.305556,0
6527.777778,0
6531.25,0
6534.722222,0
6538.194444,0
6541.666667,0
6545.138889,0
6548.611111,0
6552.083333,0
6555.555556,0
6559.027778,0
6562.5,0
6565.972222,0
6569.444444,0
6572.916667,0
6576.388889,0
6579.861111,0
6583.333333,0
6586.805556,0
6590.277778,0
6593.75,0
6597.222222,0
6600.694444,0
6604.166667,0
6607.638889,0
6611.111111,0
6614.583333,0
6618.055556,0
6621.527778,0
6625,0
6628.472222,0
6631.944444,0
6635.416667,0
6638.888889,0
6642.361111,0
6645.833333,0
6649.305556,0
6652.777778,0
6656.25,0
6659.722222,0
6663.194444,0
6666.666667,0
6670.138889,0
6673.611111,0
6677.083333,0
6680.555556,0
6684.027778,0
6687.5,0
6690.972222,0
6694.444444,0
6697.916667,0
6701.388889,0
6704.861111,0
6708.333333,0
6711.805556,0
6715.277778,0
6718.75,0
6722.222222,0
6725.694444,0
6729.166667,0
6732.638889,0
6736.111111,0
6739.583333,0
6743.055556,0
6746.527778,0
6750,0
6753.472222,0
6756.944444,0
6760.416667,0
6763.888889,0
6767.361111,0
6770.833333,0
6774.305556,0
6777.777778,0
6781.25,0
6784.722222,0
6788.194444,0
6791.666667,0
6795.138889,0
6798.611111,0
6802.083333,0
6805.555556,0
6809.027778,0
6812.5,0
6815.972222,0
6819.444444,0
6822.916667,0
6826.388889,0
6829.861111,0
6833.333333,0
6836.805556,0
6840.277778,0
6843.75,0
6847.222222,0
6850.694444,0
6854.166667,0
6857.638889,0
6861.111111,0
6864.583333,0
6868.055556,0
6871.527778,0
6875,0
6878.472222,0
6881.944444,0
6885.416667,0
6888.888889,0
6892.361111,0
6895.833333,0
6899.305556,0
6902.777778,0
6906.25,0
6909.722222,0
6913.194444,0
6916.666667,0
6920.138889,0
6923.611111,0
6927.083333,0
6930.555556,0
6934.027778,0
6937.5,0
6940.972222,0
6944.444444,0
6947.916667,0
6951.388889,0
6954.861111,0
6958.333333,0
6961.805556,0
6965.277778,0
6968.75,0
6972.222222,0
6975.694444,0
6979.166667,0
6982.638889,0
6986.111111,0
6989.583333,0
6993.055556,0
6996.527778,0
7000,0
7003.472222,0
7006.944444,0
7010.416667,0
7013.888889,0
7017.361111,0
7020.833333,0
7024.305556,0
7027.777778,0
7031.25,0
7034.722222,0
7038.194444,0
7041.666667,0
7045.138889,0
7048.611111,0
7052.083333,0
7055.555556,0
7059.027778,0
7062.5,0
7065.972222,0
7069.444444,0
7072.916667,0
7076.388889,0
7079.861111,0
7083.333333,0
7086.805556,0
7090.277778,0
7093.75,0
7097.222222,0
7100.694444,0
7104.166667,0
7107.638889,0
7111.111111,0
7114.583333,0
7118.055556,0
7121.527778,0
7125,0
7128.472222,0
7131.944444,0
7135.416667,0
7138.888889,0
7142.361111,0
7145.833333,0
7149.305556,0
7152.777778,0
7156.25,0
7159.722222,0
7163.194444,0
7166.666667,0
7170.138889,0
7173.611111,0
7177.083333,0
7180.555556,0
7184.027778,0
7187.5,0
7190.972222,0
7194.444444,0
7197.916667,0
7201.388889,0
7204.861111,0
7208.333333,0
7211.805556,0
7215.277778,0
7218.75,0
7222.222222,0
7225.694444,0
7229.166667,0
7232.638889,0
7236.111111,0
7239.583333,0
7243.055556,0
7246.527778,0
7250,0
7253.472222,0
7256.944444,0
7260.416667,0
7263.888889,0
7267.361111,0
7270.833333,0
7274.305556,0
7277.777778,0
7281.25,0
7284.722222,0
7288.194444,0
7291.666667,0
7295.138889,0
7298.611111,0
7302.083333,0
7305.555556,0
7309.027778,0
7312.5,0
7315.972222,0
7319.444444,0
7322.916667,0
7326.388889,0
7329.861111,0
7333.333333,0
7336.805556,0
7340.277778,0
7343.75,0
7347.222222,0
7350.694444,0
7354.166667,0
7357.638889,0
7361.111111,0
7364.583333,0
7368.055556,0
7371.527778,0
7375,0
7378.472222,0
7381.944444,0
7385.416667,0
7388.888889,0
7392.361111,0
7395.833333,0
7399.305556,0
7402.777778,0
7406.25,0
7409.722222,0
7413.194444,0
7416.666667,0
7420.138889,0
7423.611111,0
7427.083333,0
7430.555556,0
7434.027778,0
7437.5,0
7440.972222,0
7444.444444,0
7447.916667,0
7451.388889,0
7454.861111,0
7458.333333,0
7461.805556,0
7465.277778,0
7468.75,0
7472.222222,0
7475.694444,0
7479.166667,0
7482.638889,0
7486.111111,0
7489.583333,0
7493.055556,0
7496.527778,0
7500,0
7503.472222,0
7506.944444,0
7510.416667,0
7513.888889,0
7517.361111,0
7520.833333,0
7524.305556,0
7527.777778,0
7531.25,0
7534.722222,0
7538.194444,0
7541.666667,0
7545.138889,0
7548.611111,0
7552.083333,0
7555.555556,0
7559.027778,0
7562.5,0
7565.972222,0
7569.444444,0
7572.916667,0
7576.388889,0
7579.861111,0
7583.333333,0
7586.805556,0
7590.277778,0
7593.75,0
7597.222222,0
7600.694444,0
7604.166667,0
7607.638889,0
7611.111111,0
7614.583333,0
7618.055556,0
7621.527778,0
7625,0
7628.472222,0
7631.944444,0
7635.416667,0
7638.888889,0
7642.361111,0
7645.833333,0
7649.305556,0
7652.777778,0
7656.25,0
7659.722222,0
7663.194444,0
7666.666667,0
7670.138889,0
7673.611111,0
7677.083333,0
7680.555556,0
7684.027778,0
7687.5,0
7690.972222,0
7694.444444,0
7697.916667,0
7701.388889,0
7704.861111,0
7708.333333,0
7711.805556,0
7715.277778,0
7718.75,0
7722.222222,0
7725.694444,0
7729.166667,0
7732.638889,0
7736.111111,0
7739.583333,0
7743.055556,0
7746.527778,0
7750,0
7753.472222,0
7756.944444,0
7760.416667,0
7763.888889,0
7767.361111,0
7770.833333,0
7774.305556,0
7777.777778,0
7781.25,0
7784.722222,0
7788.194444,0
7791.666667,0
7795.138889,0
7798.611111,0
7802.083333,0
7805.555556,0
7809.027778,0
7812.5,0
7815.972222,0
7819.444444,0
7822.916667,0
7826.388889,0
7829.861111,0
7833.333333,0
7836.805556,0
7840.277778,0
7843.75,0
7847.222222,0
7850.694444,0
7854.166667,0
7857.638889,0
7861.111111,0
7864.583333,0
7868.055556,0
7871.527778,0
7875,0
7878.472222,0
7881.944444,0
7885.416667,0
7888.888889,0
7892.361111,0
7895.833333,0
7899.305556,0
7902.777778,0
7906.25,0
7909.722222,0
7913.194444,0
7916.666667,0
7920.138889,0
7923.611111,0
7927.083333,0
7930.555556,0
7934.027778,0
7937.5,0
7940.972222,0
7944.444444,0
7947.916667,0
7951.388889,0
7954.861111,0
7958.333333,0
7961.805556,0
7965.277778,0
7968.75,0
7972.222222,0
7975.694444,0
7979.166667,0
7982.638889,0
7986.111111,0
7989.583333,0
7993.055556,0
7996.527778,0
8000,0
8003.472222,0
8006.944444,0
8010.416667,0
8013.888889,0
8017.361111,0
8020.833333,0
8024.305556,0
8027.777778,0
8031.25,0
8034.722222,0
8038.194444,0
8041.666667,0
8045.138889,0
8048.611111,0
8052.083333,0
8055.555556,0
8059.027778,0
8062.5,0
8065.972222,0
8069.444444,0
8072.916667,0
8076.388889,0
8079.861111,0
8083.333333,0
8086.805556,0
8090.277778,0
8093.75,0
8097.222222,0
8100.694444,0
8104.166667,0
8107.638889,0
8111.111111,0
8114.583333,0
8118.055556,0
8121.527778,0
8125,0
8128.472222,0
8131.944444,0
8135.416667,0
8138.888889,0
8142.361111,0
8145.833333,0
8149.305556,0
8152.777778,0
8156.25,0
8159.722222,0
8163.194444,0
8166.666667,0
8170.138889,0
8173.611111,0
8177.083333,0
8180.555556,0
8184.027778,0
8187.5,0
8190.972222,0
8194.444444,0
8197.916667,0
8201.388889,0
8204.861111,0
8208.333333,0
8211.805556,0
8215.277778,0
8218.75,0
8222.222222,0
8225.694444,0
8229.166667,0
8232.638889,0
8236.111111,0
8239.583333,0
8243.055556,0
8246.527778,0
8250,0
8253.472222,0
8256.944444,0
8260.416667,0
8263.888889,0
8267.361111,0
8270.833333,0
8274.305556,0
8277.777778,0
8281.25,0
8284.722222,0
8288.194444,0
8291.666667,0
8295.138889,0
8298.611111,0
8302.083333,0
8305.555556,0
8309.027778,0
8312.5,0
8315.972222,0
8319.444444,0
8322.916667,0
8326.388889,0
8329.861111,0
8333.333333,0
8336.805556,0
8340.277778,0
8343.75,0
8347.222222,0
8350.694444,0
8354.166667,0
8357.638889,0
8361.111111,0
8364.583333,0
8368.055556,0
8371.527778,0
8375,0
8378.472222,0
8381.944444,0
8385.416667,0
8388.888889,0
8392.361111,0
8395.833333,0
8399.305556,0
8402.777778,0
8406.25,0
8409.722222,0
8413.194444,0
8416.666667,0
8420.138889,0
8423.611111,0
8427.083333,0
8430.555556,0
8434.027778,0
8437.5,0
8440.972222,0
8444.444444,0
8447.916667,0
8451.388889,0
8454.861111,0
8458.333333,0
8461.805556,0
8465.277778,0
8468.75,0
8472.222222,0
8475.694444,0
8479.166667,0
8482.638889,0
8486.111111,0
8489.583333,0
8493.055556,0
8496.527778,0
8500,0
8503.472222,0
8506.944444,0
8510.416667,0
8513.888889,0
8517.361111,0
8520.833333,0
8524.305556,0
8527.777778,0
8531.25,0
8534.722222,0
8538.194444,0
8541.666667,0
8545.138889,0
8548.611111,0
8552.083333,0
8555.555556,0
8559.027778,0
8562.5,0
8565.972222,0
8569.444444,0
8572.916667,0
8576.388889,0
8579.861111,0
8583.333333,0
8586.805556,0
8590.277778,0
8593.75,0
8597.222222,0
8600.694444,0
8604.166667,0
8607.638889,0
8611.111111,0
8614.583333,0
8618.055556,0
8621.527778,0
8625,0
8628.472222,0
8631.944444,0
8635.416667,0
8638.888889,0
8642.361111,0
8645.833333,0
8649.305556,0
8652.777778,0
8656.25,0
8659.722222,0
8663.194444,0
8666.666667,0
8670.138889,0
8673.611111,0
8677.083333,0
8680.555556,0
8684.027778,0
8687.5,0
8690.972222,0
8694.444444,0
8697.916667,0
8701.388889,0
8704.861111,0
8708.333333,0
8711.805556,0
8715.277778,0
8718.75,0
8722.222222,0
8725.694444,0
8729.166667,0
8732.638889,0
8736.111111,0
8739.583333,0
8743.055556,0
8746.527778,0
8750,0
8753.472222,0
8756.944444,0
8760.416667,0
8763.888889,0
8767.361111,0
8770.833333,0
8774.305556,0
8777.777778,0
8781.25,0
8784.722222,0
8788.194444,0
8791.666667,0
8795.138889,0
8798.611111,0
8802.083333,0
8805.555556,0
8809.027778,0
8812.5,0
8815.972222,0
8819.444444,0
8822.916667,0
8826.388889,0
8829.861111,0
8833.333333,0
8836.805556,0
8840.277778,0
8843.75,0
8847.222222,0
8850.694444,0
8854.166667,0
8857.638889,0
8861.111111,0
8864.583333,0
8868.055556,0
8871.527778,0
8875,0
8878.472222,0
8881.944444,0
8885.416667,0
8888.888889,0
8892.361111,0
8895.833333,0
8899.305556,0
8902.777778,0
8906.25,0
8909.722222,0
8913.194444,0
8916.666667,0
8920.138889,0
8923.611111,0
8927.083333,0
8930.555556,0
8934.027778,0
8937.5,0
8940.972222,0
8944.444444,0
8947.916667,0
8951.388889,0
8954.861111,0
8958.333333,0
8961.805556,0
8965.277778,0
8968.75,0
8972.222222,0
8975.694444,0
8979.166667,0
8982.638889,0
8986.111111,0
8989.583333,0
8993.055556,0
8996.527778,0
9000,0
9003.472222,0
9006.944444,0
9010.416667,0
9013.888889,0
9017.361111,0
9020.833333,0
9024.305556,0
9027.777778,0
9031.25,0
9034.722222,0
9038.194444,0
9041.666667,0
9045.138889,0
9048.611111,0
9052.083333,0
9055.555556,0
9059.027778,0
9062.5,0
9065.972222,0
9069.444444,0
9072.916667,0
9076.388889,0
9079.861111,0
9083.333333,0
9086.805556,0
9090.277778,0
9093.75,0
9097.222222,0
9100.694444,0
9104.166667,0
9107.638889,0
9111.111111,0
9114.583333,0
9118.055556,0
9121.527778,0
9125,0
9128.472222,0
9131.944444,0
9135.416667,0
9138.888889,0
9142.361111,0
9145.833333,0
9149.305556,0
9152.777778,0
9156.25,0
9159.722222,0
9163.194444,0
9166.666667,0
9170.138889,0
9173.611111,0
9177.083333,0
9180.555556,0
9184.027778,0
9187.5,0
9190.972222,0
9194.444444,0
9197.916667,0
9201.388889,0
9204.861111,0
9208.333333,0
9211.805556,0
9215.277778,0
9218.75,0
9222.222222,0
9225.694444,0
9229.166667,0
9232.638889,0
9236.111111,0
9239.583333,0
9243.055556,0
9246.527778,0
9250,0
9253.472222,0
9256.944444,0
9260.416667,0
9263.888889,0
9267.361111,0
9270.833333,0
9274.305556,0
9277.777778,0
9281.25,0
9284.722222,0
9288.194444,0
9291.666667,0
9295.138889,0
9298.611111,0
9302.083333,0
9305.555556,0
9309.027778,0
9312.5,0
9315.972222,0
9319.444444,0
9322.916667,0
9326.388889,0
9329.861111,0
9333.333333,0
9336.805556,0
9340.277778,0
9343.75,0
9347.222222,0
9350.694444,0
9354.166667,0
9357.638889,0
9361.111111,0
9364.583333,0
9368.055556,0
9371.527778,0
9375,0
9378.472222,0
9381.944444,0
9385.416667,0
9388.888889,0
9392.361111,0
9395.833333,0
9399.305556,0
9402.777778,0
9406.25,0
9409.722222,0
9413.194444,0
9416.666667,0
9420.138889,0
9423.611111,0
9427.083333,0
9430.555556,0
9434.027778,0
9437.5,0
9440.972222,0
9444.444444,0
9447.916667,0
9451.388889,0
9454.861111,0
9458.333333,0
9461.805556,0
9465.277778,0
9468.75,0
9472.222222,0
9475.694444,0
9479.166667,0
9482.638889,0
9486.111111,0
9489.583333,0
9493.055556,0
9496.527778,0
9500,0
9503.472222,0
9506.944444,0
9510.416667,0
9513.888889,0
9517.361111,0
9520.833333,0
9524.305556,0
9527.777778,0
9531.25,0
9534.722222,0
9538.194444,0
9541.666667,0
9545.138889,0
9548.611111,0
9552.083333,0
9555.555556,0
9559.027778,0
9562.5,0
9565.972222,0
9569.444444,0
9572.916667,0
9576.388889,0
9579.861111,0
9583.333333,0
9586.805556,0
9590.277778,0
9593.75,0
9597.222222,0
9600.694444,0
9604.166667,0
9607.638889,0
9611.111111,0
9614.583333,0
9618.055556,0
9621.527778,0
9625,0
9628.472222,0
9631.944444,0
9635.416667,0
9638.888889,0
9642.361111,0
9645.833333,0
9649.305556,0
9652.777778,0
9656.25,0
9659.722222,0
9663.194444,0
9666.666667,0
9670.138889,0
9673.611111,0
9677.083333,0
9680.555556,0
9684.027778,0
9687.5,0
9690.972222,0
9694.444444,0
9697.916667,0
9701.388889,0
9704.861111,0
9708.333333,0
9711.805556,0
9715.277778,0
9718.75,0
9722.222222,0
9725.694444,0
9729.166667,0
9732.638889,0
9736.111111,0
9739.583333,0
9743.055556,0
9746.527778,0
9750,0
9753.472222,0
9756.944444,0
9760.416667,0
9763.888889,0
9767.361111,0
9770.833333,0
9774.305556,0
9777.777778,0
9781.25,0
9784.722222,0
9788.194444,0
9791.666667,0
9795.138889,0
9798.611111,0
9802.083333,0
9805.555556,0
9809.027778,0
9812.5,0
9815.972222,0
9819.444444,0
9822.916667,0
9826.388889,0
9829.861111,0
9833.333333,0
9836.805556,0
9840.277778,0
9843.75,0
9847.222222,0
9850.694444,0
9854.166667,0
9857.638889,0
9861.111111,0
9864.583333,0
9868.055556,0
9871.527778,0
9875,0
9878.472222,0
9881.944444,0
9885.416667,0
9888.888889,0
9892.361111,0
9895.833333,0
9899.305556,0
9902.777778,0
9906.25,0
9909.722222,0
9913.194444,0
9916.666667,0
9920.138889,0
9923.611111,0
9927.083333,0
9930.555556,0
9934.027778,0
9937.5,0
9940.972222,0
9944.444444,0
9947.916667,0
9951.388889,0
9954.861111,0
9958.333333,0
9961.805556,0
9965.277778,0
9968.75,0
9972.222222,0
9975.694444,0
9979.166667,0
9982.638889,0
9986.111111,0
9989.583333,0
9993.055556,0
9996.527778,0
10000,0
10003.47222,0
10006.94444,0
10010.41667,0
10013.88889,0
10017.36111,0
10020.83333,0
10024.30556,0
10027.77778,0
10031.25,0
10034.72222,0
10038.19444,0
10041.66667,0
10045.13889,0
10048.61111,0
10052.08333,0
10055.55556,0
10059.02778,0
10062.5,0
10065.97222,0
10069.44444,0
10072.91667,0
10076.38889,0
10079.86111,0
10083.33333,0
10086.80556,0
10090.27778,0
10093.75,0
10097.22222,0
10100.69444,0
10104.16667,0
10107.63889,0
10111.11111,0
10114.58333,0
10118.05556,0
10121.52778,0
10125,0
10128.47222,0
10131.94444,0
10135.41667,0
10138.88889,0
10142.36111,0
10145.83333,0
10149.30556,0
10152.77778,0
10156.25,0
10159.72222,0
10163.19444,0
10166.66667,0
10170.13889,0
10173.61111,0
10177.08333,0
10180.55556,0
10184.02778,0
10187.5,0
10190.97222,0
10194.44444,0
10197.91667,0
10201.38889,0
10204.86111,0
10208.33333,0
10211.80556,0
10215.27778,0
10218.75,0
10222.22222,0
10225.69444,0
10229.16667,0
10232.63889,0
10236.11111,0
10239.58333,0
10243.05556,0
10246.52778,0
10250,0
10253.47222,0
10256.94444,0
10260.41667,0
10263.88889,0
10267.36111,0
10270.83333,0
10274.30556,0
10277.77778,0
10281.25,0
10284.72222,0
10288.19444,0
10291.66667,0
10295.13889,0
10298.61111,0
10302.08333,0
10305.55556,0
10309.02778,0
10312.5,0
10315.97222,0
10319.44444,0
10322.91667,0
10326.38889,0
10329.86111,0
10333.33333,0
10336.80556,0
10340.27778,0
10343.75,0
10347.22222,0
10350.69444,0
10354.16667,0
10357.63889,0
10361.11111,0
10364.58333,0
10368.05556,0
10371.52778,0
10375,0
10378.47222,0
10381.94444,0
10385.41667,0
10388.88889,0
10392.36111,0
10395.83333,0
10399.30556,0
10402.77778,0
10406.25,0
10409.72222,0
10413.19444,0
10416.66667,0
10420.13889,0
10423.61111,0
10427.08333,0
10430.55556,0
10434.02778,0
10437.5,0
10440.97222,0
10444.44444,0
10447.91667,0
10451.38889,0
10454.86111,0
10458.33333,0
10461.80556,0
10465.27778,0
10468.75,0
10472.22222,0
10475.69444,0
10479.16667,0
10482.63889,0
10486.11111,0
10489.58333,0
10493.05556,0
10496.52778,0
10500,0
10503.47222,0
10506.94444,0
10510.41667,0
10513.88889,0
10517.36111,0
10520.83333,0
10524.30556,0
10527.77778,0
10531.25,0
10534.72222,0
10538.19444,0
10541.66667,0
10545.13889,0
10548.61111,0
10552.08333,0
10555.55556,0
10559.02778,0
10562.5,0
10565.97222,0
10569.44444,0
10572.91667,0
10576.38889,0
10579.86111,0
10583.33333,0
10586.80556,0
10590.27778,0
10593.75,0
10597.22222,0
10600.69444,0
10604.16667,0
10607.63889,0
10611.11111,0
10614.58333,0
10618.05556,0
10621.52778,0
10625,0
10628.47222,0
10631.94444,0
10635.41667,0
10638.88889,0
10642.36111,0
10645.83333,0
10649.30556,0
10652.77778,0
10656.25,0
10659.72222,0
10663.19444,0
10666.66667,0
10670.13889,0
10673.61111,0
10677.08333,0
10680.55556,0
10684.02778,0
10687.5,0
10690.97222,0
10694.44444,0
10697.91667,0
10701.38889,0
10704.86111,0
10708.33333,0
10711.80556,0
10715.27778,0
10718.75,0
10722.22222,0
10725.69444,0
10729.16667,0
10732.63889,0
10736.11111,0
10739.58333,0
10743.05556,0
10746.52778,0
10750,0
10753.47222,0
10756.94444,0
10760.41667,0
10763.88889,0
10767.36111,0
10770.83333,0
10774.30556,0
10777.77778,0
10781.25,0
10784.72222,0
10788.19444,0
10791.66667,0
10795.13889,0
10798.61111,0
10802.08333,0
10805.55556,0
10809.02778,0
10812.5,0
10815.97222,0
10819.44444,0
10822.91667,0
10826.38889,0
10829.86111,0
10833.33333,0
10836.80556,0
10840.27778,0
10843.75,0
10847.22222,0
10850.69444,0
10854.16667,0
10857.63889,0
10861.11111,0
10864.58333,0
10868.05556,0
10871.52778,0
10875,0
10878.47222,0
10881.94444,0
10885.41667,0
10888.88889,0
10892.36111,0
10895.83333,0
10899.30556,0
10902.77778,0
10906.25,0
10909.72222,0
10913.19444,0
10916.66667,0
10920.13889,0
10923.61111,0
10927.08333,0
10930.55556,0
10934.02778,0
10937.5,0
10940.97222,0
10944.44444,0
10947.91667,0
10951.38889,0
10954.86111,0
10958.33333,0
10961.80556,0
10965.27778,0
10968.75,0
10972.22222,0
10975.69444,0
10979.16667,0
10982.63889,0
10986.11111,0
10989.58333,0
10993.05556,0
10996.52778,0
11000,0
11003.47222,0
11006.94444,0
11010.41667,0
11013.88889,0
11017.36111,0
11020.83333,0
11024.30556,0
11027.77778,0
11031.25,0
11034.72222,0
11038.19444,0
11041.66667,0
11045.13889,0
11048.61111,0
11052.08333,0
11055.55556,0
11059.02778,0
11062.5,0
11065.97222,0
11069.44444,0
11072.91667,0
11076.38889,0
11079.86111,0
11083.33333,0
11086.80556,0
11090.27778,0
11093.75,0
11097.22222,0
11100.69444,0
11104.16667,0
11107.63889,0
11111.11111,0
11114.58333,0
11118.05556,0
11121.52778,0
11125,0
11128.47222,0
11131.94444,0
11135.41667,0
11138.88889,0
11142.36111,0
11145.83333,0
11149.30556,0
11152.77778,0
11156.25,0
11159.72222,0
11163.19444,0
11166.66667,0
11170.13889,0
11173.61111,0
11177.08333,0
11180.55556,0
11184.02778,0
11187.5,0
11190.97222,0
11194.44444,0
11197.91667,0
11201.38889,0
11204.86111,0
11208.33333,0
11211.80556,0
11215.27778,0
11218.75,0
11222.22222,0
11225.69444,0
11229.16667,0
11232.63889,0
11236.11111,0
11239.58333,0
11243.05556,0
11246.52778,0
11250,0
11253.47222,0
11256.94444,0
11260.41667,0
11263.88889,0
11267.36111,0
11270.83333,0
11274.30556,0
11277.77778,0
11281.25,0
11284.72222,0
11288.19444,0
11291.66667,0
11295.13889,0
11298.61111,0
11302.08333,0
11305.55556,0
11309.02778,0
11312.5,0
11315.97222,0
11319.44444,0
11322.91667,0
11326.38889,0
11329.86111,0
11333.33333,0
11336.80556,0
11340.27778,0
11343.75,0
11347.22222,0
11350.69444,0
11354.16667,0
11357.63889,0
11361.11111,0
11364.58333,0
11368.05556,0
11371.52778,0
11375,0
11378.47222,0
11381.94444,0
11385.41667,0
11388.88889,0
11392.36111,0
11395.83333,0
11399.30556,0
11402.77778,0
11406.25,0
11409.72222,0
11413.19444,0
11416.66667,0
11420.13889,0
11423.61111,0
11427.08333,0
11430.55556,0
11434.02778,0
11437.5,0
11440.97222,0
11444.44444,0
11447.91667,0
11451.38889,0
11454.86111,0
11458.33333,0
11461.80556,0
11465.27778,0
11468.75,0
11472.22222,0
11475.69444,0
11479.16667,0
11482.63889,0
11486.11111,0
11489.58333,0
11493.05556,0
11496.52778,0
11500,0
11503.47222,0
11506.94444,0
11510.41667,0
11513.88889,0
11517.36111,0
11520.83333,0
11524.30556,0
11527.77778,0
11531.25,0
11534.72222,0
11538.19444,0
11541.66667,0
11545.13889,0
11548.61111,0
11552.08333,0
11555.55556,0
11559.02778,0
11562.5,0
11565.97222,0
11569.44444,0
11572.91667,0
11576.38889,0
11579.86111,0
11583.33333,0
11586.80556,0
11590.27778,0
11593.75,0
11597.22222,0
11600.69444,0
11604.16667,0
11607.63889,0
11611.11111,0
11614.58333,0
11618.05556,0
11621.52778,0
11625,0
11628.47222,0
11631.94444,0
11635.41667,0
11638.88889,0
11642.36111,0
11645.83333,0
11649.30556,0
11652.77778,0
11656.25,0
11659.72222,0
11663.19444,0
11666.66667,0
11670.13889,0
11673.61111,0
11677.08333,0
11680.55556,0
11684.02778,0
11687.5,0
11690.97222,0
11694.44444,0
11697.91667,0
11701.38889,0
11704.86111,0
11708.33333,0
11711.80556,0
11715.27778,0
11718.75,0
11722.22222,0
11725.69444,0
11729.16667,0
11732.63889,0
11736.11111,0
11739.58333,0
11743.05556,0
11746.52778,0
11750,0
11753.47222,0
11756.94444,0
11760.41667,0
11763.88889,0
11767.36111,0
11770.83333,0
11774.30556,0
11777.77778,0
11781.25,0
11784.72222,0
11788.19444,0
11791.66667,0
11795.13889,0
11798.61111,0
11802.08333,0
11805.55556,0
11809.02778,0
11812.5,0
11815.97222,0
11819.44444,0
11822.91667,0
11826.38889,0
11829.86111,0
11833.33333,0
11836.80556,0
11840.27778,0
11843.75,0
11847.22222,0
11850.69444,0
11854.16667,0
11857.63889,0
11861.11111,0
11864.58333,0
11868.05556,0
11871.52778,0
11875,0
11878.47222,0
11881.94444,0
11885.41667,0
11888.88889,0
11892.36111,0
11895.83333,0
11899.30556,0
11902.77778,0
11906.25,0
11909.72222,0
11913.19444,0
11916.66667,0
11920.13889,0
11923.61111,0
11927.08333,0
11930.55556,0
11934.02778,0
11937.5,0
11940.97222,0
11944.44444,0
11947.91667,0
11951.38889,0
11954.86111,0
11958.33333,0
11961.80556,0
11965.27778,0
11968.75,0
11972.22222,0
11975.69444,0
11979.16667,0
11982.63889,0
11986.11111,0
11989.58333,0
11993.05556,0
11996.52778,0
12000,0
12003.47222,0
12006.94444,0
12010.41667,0
12013.88889,0
12017.36111,0
12020.83333,0
12024.30556,0
12027.77778,0
12031.25,0
12034.72222,0
12038.19444,0
12041.66667,0
12045.13889,0
12048.61111,0
12052.08333,0
12055.55556,0
12059.02778,0
12062.5,0
12065.97222,0
12069.44444,0
12072.91667,0
12076.38889,0
12079.86111,0
12083.33333,0
12086.80556,0
12090.27778,0
12093.75,0
12097.22222,0
12100.69444,0
12104.16667,0
12107.63889,0
12111.11111,0
12114.58333,0
12118.05556,0
12121.52778,0
12125,0
12128.47222,0
12131.94444,0
12135.41667,0
12138.88889,0
12142.36111,0
12145.83333,0
12149.30556,0
12152.77778,0
12156.25,0
12159.72222,0
12163.19444,0
12166.66667,0
12170.13889,0
12173.61111,0
12177.08333,0
12180.55556,0
12184.02778,0
12187.5,0
12190.97222,0
12194.44444,0
12197.91667,0
12201.38889,0
12204.86111,0
12208.33333,0
12211.80556,0
12215.27778,0
12218.75,0
12222.22222,0
12225.69444,0
12229.16667,0
12232.63889,0
12236.11111,0
12239.58333,0
12243.05556,0
12246.52778,0
12250,0
12253.47222,0
12256.94444,0
12260.41667,0
12263.88889,0
12267.36111,0
12270.83333,0
12274.30556,0
12277.77778,0
12281.25,0
12284.72222,0
12288.19444,0
12291.66667,0
12295.13889,0
12298.61111,0
12302.08333,0
12305.55556,0
12309.02778,0
12312.5,0
12315.97222,0
12319.44444,0
12322.91667,0
12326.38889,0
12329.86111,0
12333.33333,0
12336.80556,0
12340.27778,0
12343.75,0
12347.22222,0
12350.69444,0
12354.16667,0
12357.63889,0
12361.11111,0
12364.58333,0
12368.05556,0
12371.52778,0
12375,0
12378.47222,0
12381.94444,0
12385.41667,0
12388.88889,0
12392.36111,0
12395.83333,0
12399.30556,0
12402.77778,0
12406.25,0
12409.72222,0
12413.19444,0
12416.66667,0
12420.13889,0
12423.61111,0
12427.08333,0
12430.55556,0
12434.02778,0
12437.5,0
12440.97222,0
12444.44444,0
12447.91667,0
12451.38889,0
12454.86111,0
12458.33333,0
12461.80556,0
12465.27778,0
12468.75,0
12472.22222,0
12475.69444,0
12479.16667,0
12482.63889,0
12486.11111,0
12489.58333,0
12493.05556,0
12496.52778,0
12500,0
12503.47222,0
12506.94444,0
12510.41667,0
12513.88889,0
12517.36111,0
12520.83333,0
12524.30556,0
12527.77778,0
12531.25,0
12534.72222,0
12538.19444,0
12541.66667,0
12545.13889,0
12548.61111,0
12552.08333,0
12555.55556,0
12559.02778,0
12562.5,0
12565.97222,0
12569.44444,0
12572.91667,0
12576.38889,0
12579.86111,0
12583.33333,0
12586.80556,0
12590.27778,0
12593.75,0
12597.22222,0
12600.69444,0
12604.16667,0
12607.63889,0
12611.11111,0
12614.58333,0
12618.05556,0
12621.52778,0
12625,0
12628.47222,0
12631.94444,0
12635.41667,0
12638.88889,0
12642.36111,0
12645.83333,0
12649.30556,0
12652.77778,0
12656.25,0
12659.72222,0
12663.19444,0
12666.66667,0
12670.13889,0
12673.61111,0
12677.08333,0
12680.55556,0
12684.02778,0
12687.5,0
12690.97222,0
12694.44444,0
12697.91667,0
12701.38889,0
12704.86111,0
12708.33333,0
12711.80556,0
12715.27778,0
12718.75,0
12722.22222,0
12725.69444,0
12729.16667,0
12732.63889,0
12736.11111,0
12739.58333,0
12743.05556,0
12746.52778,0
12750,0
12753.47222,0
12756.94444,0
12760.41667,0
12763.88889,0
12767.36111,0
12770.83333,0
12774.30556,0
12777.77778,0
12781.25,0
12784.72222,0
12788.19444,0
12791.66667,0
12795.13889,0
12798.61111,0
12802.08333,0
12805.55556,0
12809.02778,0
12812.5,0
12815.97222,0
12819.44444,0
12822.91667,0
12826.38889,0
12829.86111,0
12833.33333,0
12836.80556,0
12840.27778,0
12843.75,0
12847.22222,0
12850.69444,0
12854.16667,0
12857.63889,0
12861.11111,0
12864.58333,0
12868.05556,0
12871.52778,0
12875,0
12878.47222,0
12881.94444,0
12885.41667,0
12888.88889,0
12892.36111,0
12895.83333,0
12899.30556,0
12902.77778,0
12906.25,0
12909.72222,0
12913.19444,0
12916.66667,0
12920.13889,0
12923.61111,0
12927.08333,0
12930.55556,0
12934.02778,0
12937.5,0
12940.97222,0
12944.44444,0
12947.91667,0
12951.38889,0
12954.86111,0
12958.33333,0
12961.80556,0
12965.27778,0
12968.75,0
12972.22222,0
12975.69444,0
12979.16667,0
12982.63889,0
12986.11111,0
12989.58333,0
12993.05556,0
12996.52778,0
13000,0
13003.47222,0
13006.94444,0
13010.41667,0
13013.88889,0
13017.36111,0
13020.83333,0
13024.30556,0
13027.77778,0
13031.25,0
13034.72222,0
13038.19444,0
13041.66667,0
13045.13889,0
13048.61111,0
13052.08333,0
13055.55556,0
13059.02778,0
13062.5,0
13065.97222,0
13069.44444,0
13072.91667,0
13076.38889,0
13079.86111,0
13083.33333,0
13086.80556,0
13090.27778,0
13093.75,0
13097.22222,0
13100.69444,0
13104.16667,0
13107.63889,0
13111.11111,0
13114.58333,0
13118.05556,0
13121.52778,0
13125,0
13128.47222,0
13131.94444,0
13135.41667,0
13138.88889,0
13142.36111,0
13145.83333,0
13149.30556,0
13152.77778,0
13156.25,0
13159.72222,0
13163.19444,0
13166.66667,0
13170.13889,0
13173.61111,0
13177.08333,0
13180.55556,0
13184.02778,0
13187.5,0
13190.97222,0
13194.44444,0
13197.91667,0
13201.38889,0
13204.86111,0
13208.33333,0
13211.80556,0
13215.27778,0
13218.75,0
13222.22222,0
13225.69444,0
13229.16667,0
13232.63889,0
13236.11111,0
13239.58333,0
13243.05556,0
13246.52778,0
13250,0
13253.47222,0
13256.94444,0
13260.41667,0
13263.88889,0
13267.36111,0
13270.83333,0
13274.30556,0
13277.77778,0
13281.25,0
13284.72222,0
13288.19444,0
13291.66667,0
13295.13889,0
13298.61111,0
13302.08333,0
13305.55556,0
13309.02778,0
13312.5,0
13315.97222,0
13319.44444,0
13322.91667,0
13326.38889,0
13329.86111,0
13333.33333,0
13336.80556,0
13340.27778,0
13343.75,0
13347.22222,0
13350.69444,0
13354.16667,0
13357.63889,0
13361.11111,0
13364.58333,0
13368.05556,0
13371.52778,0
13375,0
13378.47222,0
13381.94444,0
13385.41667,0
13388.88889,0
13392.36111,0
13395.83333,0
13399.30556,0
13402.77778,0
13406.25,0
13409.72222,0
13413.19444,0
13416.66667,0
13420.13889,0
13423.61111,0
13427.08333,0
13430.55556,0
13434.02778,0
13437.5,0
13440.97222,0
13444.44444,0
13447.91667,0
13451.38889,0
13454.86111,0
13458.33333,0
13461.80556,0
13465.27778,0
13468.75,0
13472.22222,0
13475.69444,0
13479.16667,0
13482.63889,0
13486.11111,0
13489.58333,0
13493.05556,0
13496.52778,0
13500,0
13503.47222,0
13506.94444,0
13510.41667,0
13513.88889,0
13517.36111,0
13520.83333,0
13524.30556,0
13527.77778,0
13531.25,0
13534.72222,0
13538.19444,0
13541.66667,0
13545.13889,0
13548.61111,0
13552.08333,0
13555.55556,0
13559.02778,0
13562.5,0
13565.97222,0
13569.44444,0
13572.91667,0
13576.38889,0
13579.86111,0
13583.33333,0
13586.80556,0
13590.27778,0
13593.75,0
13597.22222,0
13600.69444,0
13604.16667,0
13607.63889,0
13611.11111,0
13614.58333,0
13618.05556,0
13621.52778,0
13625,0
13628.47222,0
13631.94444,0
13635.41667,0
13638.88889,0
13642.36111,0
13645.83333,0
13649.30556,0
13652.77778,0
13656.25,0
13659.72222,0
13663.19444,0
13666.66667,0
13670.13889,0
13673.61111,0
13677.08333,0
13680.55556,0
13684.02778,0
13687.5,0
13690.97222,0
13694.44444,0
13697.91667,0
13701.38889,0
13704.86111,0
13708.33333,0
13711.80556,0
13715.27778,0
13718.75,0
13722.22222,0
13725.69444,0
13729.16667,0
13732.63889,0
13736.11111,0
13739.58333,0
13743.05556,0
13746.52778,0
13750,0
13753.47222,0
13756.94444,0
13760.41667,0
13763.88889,0
13767.36111,0
13770.83333,0
13774.30556,0
13777.77778,0
13781.25,0
13784.72222,0
13788.19444,0
13791.66667,0
13795.13889,0
13798.61111,0
13802.08333,0
13805.55556,0
13809.02778,0
13812.5,0
13815.97222,0
13819.44444,0
13822.91667,0
13826.38889,0
13829.86111,0
13833.33333,0
13836.80556,0
13840.27778,0
13843.75,0
13847.22222,0
13850.69444,0
13854.16667,0
13857.63889,0
13861.11111,0
13864.58333,0
13868.05556,0
13871.52778,0
13875,0
13878.47222,0
13881.94444,0
13885.41667,0
13888.88889,0
13892.36111,0
13895.83333,0
13899.30556,0
13902.77778,0
13906.25,0
13909.72222,0
13913.19444,0
13916.66667,0
13920.13889,0
13923.61111,0
13927.08333,0
13930.55556,0
13934.02778,0
13937.5,0
13940.97222,0
13944.44444,0
13947.91667,0
13951.38889,0
13954.86111,0
13958.33333,0
13961.80556,0
13965.27778,0
13968.75,0
13972.22222,0
13975.69444,0
13979.16667,0
13982.63889,0
13986.11111,0
13989.58333,0
13993.05556,0
13996.52778,0
14000,0
14003.47222,0
14006.94444,0
14010.41667,0
14013.88889,0
14017.36111,0
14020.83333,0
14024.30556,0
14027.77778,0
14031.25,0
14034.72222,0
14038.19444,0
14041.66667,0
14045.13889,0
14048.61111,0
14052.08333,0
14055.55556,0
14059.02778,0
14062.5,0
14065.97222,0
14069.44444,0
14072.91667,0
14076.38889,0
14079.86111,0
14083.33333,0
14086.80556,0
14090.27778,0
14093.75,0
14097.22222,0
14100.69444,0
14104.16667,0
14107.63889,0
14111.11111,0
14114.58333,0
14118.05556,0
14121.52778,0
14125,0
14128.47222,0
14131.94444,0
14135.41667,0
14138.88889,0
14142.36111,0
14145.83333,0
14149.30556,0
14152.77778,0
14156.25,0
14159.72222,0
14163.19444,0
14166.66667,0
14170.13889,0
14173.61111,0
14177.08333,0
14180.55556,0
14184.02778,0
14187.5,0
14190.97222,0
14194.44444,0
14197.91667,0
14201.38889,0
14204.86111,0
14208.33333,0
14211.80556,0
14215.27778,0
14218.75,0
14222.22222,0
14225.69444,0
14229.16667,0
14232.63889,0
14236.11111,0
14239.58333,0
14243.05556,0
14246.52778,0
14250,0
14253.47222,0
14256.94444,0
14260.41667,0
14263.88889,0
14267.36111,0
14270.83333,0
14274.30556,0
14277.77778,0
14281.25,0
14284.72222,0
14288.19444,0
14291.66667,0
14295.13889,0
14298.61111,0
14302.08333,0
14305.55556,0
14309.02778,0
14312.5,0
14315.97222,0
14319.44444,0
14322.91667,0
14326.38889,0
14329.86111,0
14333.33333,0
14336.80556,0
14340.27778,0
14343.75,0
14347.22222,0
14350.69444,0
14354.16667,0
14357.63889,0
14361.11111,0
14364.58333,0
14368.05556,0
14371.52778,0
14375,0
14378.47222,0
14381.94444,0
14385.41667,0
14388.88889,0
14392.36111,0
14395.83333,0
14399.30556,0
14402.77778,0
14406.25,0
14409.72222,0
14413.19444,0
14416.66667,0
14420.13889,0
14423.61111,0
14427.08333,0
14430.55556,0
14434.02778,0
14437.5,0
14440.97222,0
14444.44444,0
14447.91667,0
14451.38889,0
14454.86111,0
14458.33333,0
14461.80556,0
14465.27778,0
14468.75,0
14472.22222,0
14475.69444,0
14479.16667,0
14482.63889,0
14486.11111,0
14489.58333,0
14493.05556,0
14496.52778,0
14500,0
14503.47222,0
14506.94444,0
14510.41667,0
14513.88889,0
14517.36111,0
14520.83333,0
14524.30556,0
14527.77778,0
14531.25,0
14534.72222,0
14538.19444,0
14541.66667,0
14545.13889,0
14548.61111,0
14552.08333,0
14555.55556,0
14559.02778,0
14562.5,0
14565.97222,0
14569.44444,0
14572.91667,0
14576.38889,0
14579.86111,0
14583.33333,0
14586.80556,0
14590.27778,0
14593.75,0
14597.22222,0
14600.69444,0
14604.16667,0
14607.63889,0
14611.11111,0
14614.58333,0
14618.05556,0
14621.52778,0
14625,0
14628.47222,0
14631.94444,0
14635.41667,0
14638.88889,0
14642.36111,0
14645.83333,0
14649.30556,0
14652.77778,0
14656.25,0
14659.72222,0
14663.19444,0
14666.66667,0
14670.13889,0
14673.61111,0
14677.08333,0
14680.55556,0
14684.02778,0
14687.5,0
14690.97222,0
14694.44444,0
14697.91667,0
14701.38889,0
14704.86111,0
14708.33333,0
14711.80556,0
14715.27778,0
14718.75,0
14722.22222,0
14725.69444,0
14729.16667,0
14732.63889,0
14736.11111,0
14739.58333,0
14743.05556,0
14746.52778,0
14750,0
14753.47222,0
14756.94444,0
14760.41667,0
14763.88889,0
14767.36111,0
14770.83333,0
14774.30556,0
14777.77778,0
14781.25,0
14784.72222,0
14788.19444,0
14791.66667,0
14795.13889,0
14798.61111,0
14802.08333,0
14805.55556,0
14809.02778,0
14812.5,0
14815.97222,0
14819.44444,0
14822.91667,0
14826.38889,0
14829.86111,0
14833.33333,0
14836.80556,0
14840.27778,0
14843.75,0
14847.22222,0
14850.69444,0
14854.16667,0
14857.63889,0
14861.11111,0
14864.58333,0
14868.05556,0
14871.52778,0
14875,0
14878.47222,0
14881.94444,0
14885.41667,0
14888.88889,0
14892.36111,0
14895.83333,0
14899.30556,0
14902.77778,0
14906.25,0
14909.72222,0
14913.19444,0
14916.66667,0
14920.13889,0
14923.61111,0
14927.08333,0
14930.55556,0
14934.02778,0
14937.5,0
14940.97222,0
14944.44444,0
14947.91667,0
14951.38889,0
14954.86111,0
14958.33333,0
14961.80556,0
14965.27778,0
14968.75,0
14972.22222,0
14975.69444,0
14979.16667,0
14982.63889,0
14986.11111,0
14989.58333,0
14993.05556,0
14996.52778,0
15000,0
15003.47222,0
15006.94444,0
15010.41667,0
15013.88889,0
15017.36111,0
15020.83333,0
15024.30556,0
15027.77778,0
15031.25,0
15034.72222,0
15038.19444,0
15041.66667,0
15045.13889,0
15048.61111,0
15052.08333,0
15055.55556,0
15059.02778,0
15062.5,0
15065.97222,0
15069.44444,0
15072.91667,0
15076.38889,0
15079.86111,0
15083.33333,0
15086.80556,0
15090.27778,0
15093.75,0
15097.22222,0
15100.69444,0
15104.16667,0
15107.63889,0
15111.11111,0
15114.58333,0
15118.05556,0
15121.52778,0
15125,0
15128.47222,0
15131.94444,0
15135.41667,0
15138.88889,0
15142.36111,0
15145.83333,0
15149.30556,0
15152.77778,0
15156.25,0
15159.72222,0
15163.19444,0
15166.66667,0
15170.13889,0
15173.61111,0
15177.08333,0
15180.55556,0
15184.02778,0
15187.5,0
15190.97222,0
15194.44444,0
15197.91667,0
15201.38889,0
15204.86111,0
15208.33333,0
15211.80556,0
15215.27778,0
15218.75,0
15222.22222,0
15225.69444,0
15229.16667,0
15232.63889,0
15236.11111,0
15239.58333,0
15243.05556,0
15246.52778,0
15250,0
15253.47222,0
15256.94444,0
15260.41667,0
15263.88889,0
15267.36111,0
15270.83333,0
15274.30556,0
15277.77778,0
15281.25,0
15284.72222,0
15288.19444,0
15291.66667,0
15295.13889,0
15298.61111,0
15302.08333,0
15305.55556,0
15309.02778,0
15312.5,0
15315.97222,0
15319.44444,0
15322.91667,0
15326.38889,0
15329.86111,0
15333.33333,0
15336.80556,0
15340.27778,0
15343.75,0
15347.22222,0
15350.69444,0
15354.16667,0
15357.63889,0
15361.11111,0
15364.58333,0
15368.05556,0
15371.52778,0
15375,0
15378.47222,0
15381.94444,0
15385.41667,0
15388.88889,0
15392.36111,0
15395.83333,0
15399.30556,0
15402.77778,0
15406.25,0
15409.72222,0
15413.19444,0
15416.66667,0
15420.13889,0
15423.61111,0
15427.08333,0
15430.55556,0
15434.02778,0
15437.5,0
15440.97222,0
15444.44444,0
15447.91667,0
15451.38889,0
15454.86111,0
15458.33333,0
15461.80556,0
15465.27778,0
15468.75,0
15472.22222,0
15475.69444,0
15479.16667,0
15482.63889,0
15486.11111,0
15489.58333,0
15493.05556,0
15496.52778,0
15500,0
15503.47222,0
15506.94444,0
15510.41667,0
15513.88889,0
15517.36111,0
15520.83333,0
15524.30556,0
15527.77778,0
15531.25,0
15534.72222,0
15538.19444,0
15541.66667,0
15545.13889,0
15548.61111,0
15552.08333,0
15555.55556,0
15559.02778,0
15562.5,0
15565.97222,0
15569.44444,0
15572.91667,0
15576.38889,0
15579.86111,0
15583.33333,0
15586.80556,0
15590.27778,0
15593.75,0
15597.22222,0
15600.69444,0
15604.16667,0
15607.63889,0
15611.11111,0
15614.58333,0
15618.05556,0
15621.52778,0
15625,0
15628.47222,0
15631.94444,0
15635.41667,0
15638.88889,0
15642.36111,0
15645.83333,0
15649.30556,0
15652.77778,0
15656.25,0
15659.72222,0
15663.19444,0
15666.66667,0
15670.13889,0
15673.61111,0
15677.08333,0
15680.55556,0
15684.02778,0
15687.5,0
15690.97222,0
15694.44444,0
15697.91667,0
15701.38889,0
15704.86111,0
15708.33333,0
15711.80556,0
15715.27778,0
15718.75,0
15722.22222,0
15725.69444,0
15729.16667,0
15732.63889,0
15736.11111,0
15739.58333,0
15743.05556,0
15746.52778,0
15750,0
15753.47222,0
15756.94444,0
15760.41667,0
15763.88889,0
15767.36111,0
15770.83333,0
15774.30556,0
15777.77778,0
15781.25,0
15784.72222,0
15788.19444,0
15791.66667,0
15795.13889,0
15798.61111,0
15802.08333,0
15805.55556,0
15809.02778,0
15812.5,0
15815.97222,0
15819.44444,0
15822.91667,0
15826.38889,0
15829.86111,0
15833.33333,0
15836.80556,0
15840.27778,0
15843.75,0
15847.22222,0
15850.69444,0
15854.16667,0
15857.63889,0
15861.11111,0
15864.58333,0
15868.05556,0
15871.52778,0
15875,0
15878.47222,0
15881.94444,0
15885.41667,0
15888.88889,0
15892.36111,0
15895.83333,0
15899.30556,0
15902.77778,0
15906.25,0
15909.72222,0
15913.19444,0
15916.66667,0
15920.13889,0
15923.61111,0
15927.08333,0
15930.55556,0
15934.02778,0
15937.5,0
15940.97222,0
15944.44444,0
15947.91667,0
15951.38889,0
15954.86111,0
15958.33333,0
15961.80556,0
15965.27778,0
15968.75,0
15972.22222,0
15975.69444,0
15979.16667,0
15982.63889,0
15986.11111,0
15989.58333,0
15993.05556,0
15996.52778,0
16000,0
16003.47222,0
16006.94444,0
16010.41667,0
16013.88889,0
16017.36111,0
16020.83333,0
16024.30556,0
16027.77778,0
16031.25,0
16034.72222,0
16038.19444,0
16041.66667,0
16045.13889,0
16048.61111,0
16052.08333,0
16055.55556,0
16059.02778,0
16062.5,0
16065.97222,0
16069.44444,0
16072.91667,0
16076.38889,0
16079.86111,0
16083.33333,0
16086.80556,0
16090.27778,0
16093.75,0
16097.22222,0
16100.69444,0
16104.16667,0
16107.63889,0
16111.11111,0
16114.58333,0
16118.05556,0
16121.52778,0
16125,0
16128.47222,0
16131.94444,0
16135.41667,0
16138.88889,0
16142.36111,0
16145.83333,0
16149.30556,0
16152.77778,0
16156.25,0
16159.72222,0
16163.19444,0
16166.66667,0
16170.13889,0
16173.61111,0
16177.08333,0
16180.55556,0
16184.02778,0
16187.5,0
16190.97222,0
16194.44444,0
16197.91667,0
16201.38889,0
16204.86111,0
16208.33333,0
16211.80556,0
16215.27778,0
16218.75,0
16222.22222,0
16225.69444,0
16229.16667,0
16232.63889,0
16236.11111,0
16239.58333,0
16243.05556,0
16246.52778,0
16250,0
16253.47222,0
16256.94444,0
16260.41667,0
16263.88889,0
16267.36111,0
16270.83333,0
16274.30556,0
16277.77778,0
16281.25,0
16284.72222,0
16288.19444,0
16291.66667,0
16295.13889,0
16298.61111,0
16302.08333,0
16305.55556,0
16309.02778,0
16312.5,0
16315.97222,0
16319.44444,0
16322.91667,0
16326.38889,0
16329.86111,0
16333.33333,0
16336.80556,0
16340.27778,0
16343.75,0
16347.22222,0
16350.69444,0
16354.16667,0
16357.63889,0
16361.11111,0
16364.58333,0
16368.05556,0
16371.52778,0
16375,0
16378.47222,0
16381.94444,0
16385.41667,0
16388.88889,0
16392.36111,0
16395.83333,0
16399.30556,0
16402.77778,0
16406.25,0
16409.72222,0
16413.19444,0
16416.66667,0
16420.13889,0
16423.61111,0
16427.08333,0
16430.55556,0
16434.02778,0
16437.5,0
16440.97222,0
16444.44444,0
16447.91667,0
16451.38889,0
16454.86111,0
16458.33333,0
16461.80556,0
16465.27778,0
16468.75,0
16472.22222,0
16475.69444,0
16479.16667,0
16482.63889,0
16486.11111,0
16489.58333,0
16493.05556,0
16496.52778,0
16500,0
16503.47222,0
16506.94444,0
16510.41667,0
16513.88889,0
16517.36111,0
16520.83333,0
16524.30556,0
16527.77778,0
16531.25,0
16534.72222,0
16538.19444,0
16541.66667,0
16545.13889,0
16548.61111,0
16552.08333,0
16555.55556,0
16559.02778,0
16562.5,0
16565.97222,0
16569.44444,0
16572.91667,0
16576.38889,0
16579.86111,0
16583.33333,0
16586.80556,0
16590.27778,0
16593.75,0
16597.22222,0
16600.69444,0
16604.16667,0
16607.63889,0
16611.11111,0
16614.58333,0
16618.05556,0
16621.52778,0
16625,0
16628.47222,0
16631.94444,0
16635.41667,0
16638.88889,0
16642.36111,0
16645.83333,0
16649.30556,0
16652.77778,0
16656.25,0
16659.72222,0
16663.19444,0
16666.66667,0
16670.13889,0
16673.61111,0
16677.08333,0
16680.55556,0
16684.02778,0
16687.5,0
16690.97222,0
16694.44444,0
16697.91667,0
16701.38889,0
16704.86111,0
16708.33333,0
16711.80556,0
16715.27778,0
16718.75,0
16722.22222,0
16725.69444,0
16729.16667,0
16732.63889,0
16736.11111,0
16739.58333,0
16743.05556,0
16746.52778,0
16750,0
16753.47222,0
16756.94444,0
16760.41667,0
16763.88889,0
16767.36111,0
16770.83333,0
16774.30556,0
16777.77778,0
16781.25,0
16784.72222,0
16788.19444,0
16791.66667,0
16795.13889,0
16798.61111,0
16802.08333,0
16805.55556,0
16809.02778,0
16812.5,0
16815.97222,0
16819.44444,0
16822.91667,0
16826.38889,0
16829.86111,0
16833.33333,0
16836.80556,0
16840.27778,0
16843.75,0
16847.22222,0
16850.69444,0
16854.16667,0
16857.63889,0
16861.11111,0
16864.58333,0
16868.05556,0
16871.52778,0
16875,0
16878.47222,0
16881.94444,0
16885.41667,0
16888.88889,0
16892.36111,0
16895.83333,0
16899.30556,0
16902.77778,0
16906.25,0
16909.72222,0
16913.19444,0
16916.66667,0
16920.13889,0
16923.61111,0
16927.08333,0
16930.55556,0
16934.02778,0
16937.5,0
16940.97222,0
16944.44444,0
16947.91667,0
16951.38889,0
16954.86111,0
16958.33333,0
16961.80556,0
16965.27778,0
16968.75,0
16972.22222,0
16975.69444,0
16979.16667,0
16982.63889,0
16986.11111,0
16989.58333,0
16993.05556,0
16996.52778,0
17000,0
17003.47222,0
17006.94444,0
17010.41667,0
17013.88889,0
17017.36111,0
17020.83333,0
17024.30556,0
17027.77778,0
17031.25,0
17034.72222,0
17038.19444,0
17041.66667,0
17045.13889,0
17048.61111,0
17052.08333,0
17055.55556,0
17059.02778,0
17062.5,0
17065.97222,0
17069.44444,0
17072.91667,0
17076.38889,0
17079.86111,0
17083.33333,0
17086.80556,0
17090.27778,0
17093.75,0
17097.22222,0
17100.69444,0
17104.16667,0
17107.63889,0
17111.11111,0
17114.58333,0
17118.05556,0
17121.52778,0
17125,0
17128.47222,0
17131.94444,0
17135.41667,0
17138.88889,0
17142.36111,0
17145.83333,0
17149.30556,0
17152.77778,0
17156.25,0
17159.72222,0
17163.19444,0
17166.66667,0
17170.13889,0
17173.61111,0
17177.08333,0
17180.55556,0
17184.02778,0
17187.5,0
17190.97222,0
17194.44444,0
17197.91667,0
17201.38889,0
17204.86111,0
17208.33333,0
17211.80556,0
17215.27778,0
17218.75,0
17222.22222,0
17225.69444,0
17229.16667,0
17232.63889,0
17236.11111,0
17239.58333,0
17243.05556,0
17246.52778,0
17250,0
17253.47222,0
17256.94444,0
17260.41667,0
17263.88889,0
17267.36111,0
17270.83333,0
17274.30556,0
17277.77778,0
17281.25,0
17284.72222,0
17288.19444,0
17291.66667,0
17295.13889,0
17298.61111,0
17302.08333,0
17305.55556,0
17309.02778,0
17312.5,0
17315.97222,0
17319.44444,0
17322.91667,0
17326.38889,0
17329.86111,0
17333.33333,0
17336.80556,0
17340.27778,0
17343.75,0
17347.22222,0
17350.69444,0
17354.16667,0
17357.63889,0
17361.11111,0
17364.58333,0
17368.05556,0
17371.52778,0
17375,0
17378.47222,0
17381.94444,0
17385.41667,0
17388.88889,0
17392.36111,0
17395.83333,0
17399.30556,0
17402.77778,0
17406.25,0
17409.72222,0
17413.19444,0
17416.66667,0
17420.13889,0
17423.61111,0
17427.08333,0
17430.55556,0
17434.02778,0
17437.5,0
17440.97222,0
17444.44444,0
17447.91667,0
17451.38889,0
17454.86111,0
17458.33333,0
17461.80556,0
17465.27778,0
17468.75,0
17472.22222,0
17475.69444,0
17479.16667,0
17482.63889,0
17486.11111,0
17489.58333,0
17493.05556,0
17496.52778,0
17500,0
17503.47222,0
17506.94444,0
17510.41667,0
17513.88889,0
17517.36111,0
17520.83333,0
17524.30556,0
17527.77778,0
17531.25,0
17534.72222,0
17538.19444,0
17541.66667,0
17545.13889,0
17548.61111,0
17552.08333,0
17555.55556,0
17559.02778,0
17562.5,0
17565.97222,0
17569.44444,0
17572.91667,0
17576.38889,0
17579.86111,0
17583.33333,0
17586.80556,0
17590.27778,0
17593.75,0
17597.22222,0
17600.69444,0
17604.16667,0
17607.63889,0
17611.11111,0
17614.58333,0
17618.05556,0
17621.52778,0
17625,0
17628.47222,0
17631.94444,0
17635.41667,0
17638.88889,0
17642.36111,0
17645.83333,0
17649.30556,0
17652.77778,0
17656.25,0
17659.72222,0
17663.19444,0
17666.66667,0
17670.13889,0
17673.61111,0
17677.08333,0
17680.55556,0
17684.02778,0
17687.5,0
17690.97222,0
17694.44444,0
17697.91667,0
17701.38889,0
17704.86111,0
17708.33333,0
17711.80556,0
17715.27778,0
17718.75,0
17722.22222,0
17725.69444,0
17729.16667,0
17732.63889,0
17736.11111,0
17739.58333,0
17743.05556,0
17746.52778,0
17750,0
17753.47222,0
17756.94444,0
17760.41667,0
17763.88889,0
17767.36111,0
17770.83333,0
17774.30556,0
17777.77778,0
17781.25,0
17784.72222,0
17788.19444,0
17791.66667,0
17795.13889,0
17798.61111,0
17802.08333,0
17805.55556,0
17809.02778,0
17812.5,0
17815.97222,0
17819.44444,0
17822.91667,0
17826.38889,0
17829.86111,0
17833.33333,0
17836.80556,0
17840.27778,0
17843.75,0
17847.22222,0
17850.69444,0
17854.16667,0
17857.63889,0
17861.11111,0
17864.58333,0
17868.05556,0
17871.52778,0
17875,0
17878.47222,0
17881.94444,0
17885.41667,0
17888.88889,0
17892.36111,0
17895.83333,0
17899.30556,0
17902.77778,0
17906.25,0
17909.72222,0
17913.19444,0
17916.66667,0
17920.13889,0
17923.61111,0
17927.08333,0
17930.55556,0
17934.02778,0
17937.5,0
17940.97222,0
17944.44444,0
17947.91667,0
17951.38889,0
17954.86111,0
17958.33333,0
17961.80556,0
17965.27778,0
17968.75,0
17972.22222,0
17975.69444,0
17979.16667,0
17982.63889,0
17986.11111,0
17989.58333,0
17993.05556,0
17996.52778,0
18000,0
18003.47222,0
18006.94444,0
18010.41667,0
18013.88889,0
18017.36111,0
18020.83333,0
18024.30556,0
18027.77778,0
18031.25,0
18034.72222,0
18038.19444,0
18041.66667,0
18045.13889,0
18048.61111,0
18052.08333,0
18055.55556,0
18059.02778,0
18062.5,0
18065.97222,0
18069.44444,0
18072.91667,0
18076.38889,0
18079.86111,0
18083.33333,0
18086.80556,0
18090.27778,0
18093.75,0
18097.22222,0
18100.69444,0
18104.16667,0
18107.63889,0
18111.11111,0
18114.58333,0
18118.05556,0
18121.52778,0
18125,0
18128.47222,0
18131.94444,0
18135.41667,0
18138.88889,0
18142.36111,0
18145.83333,0
18149.30556,0
18152.77778,0
18156.25,0
18159.72222,0
18163.19444,0
18166.66667,0
18170.13889,0
18173.61111,0
18177.08333,0
18180.55556,0
18184.02778,0
18187.5,0
18190.97222,0
18194.44444,0
18197.91667,0
18201.38889,0
18204.86111,0
18208.33333,0
18211.80556,0
18215.27778,0
18218.75,0
18222.22222,0
18225.69444,0
18229.16667,0
18232.63889,0
18236.11111,0
18239.58333,0
18243.05556,0
18246.52778,0
18250,0
18253.47222,0
18256.94444,0
18260.41667,0
18263.88889,0
18267.36111,0
18270.83333,0
18274.30556,0
18277.77778,0
18281.25,0
18284.72222,0
18288.19444,0
18291.66667,0
18295.13889,0
18298.61111,0
18302.08333,0
18305.55556,0
18309.02778,0
18312.5,0
18315.97222,0
18319.44444,0
18322.91667,0
18326.38889,0
18329.86111,0
18333.33333,0
18336.80556,0
18340.27778,0
18343.75,0
18347.22222,0
18350.69444,0
18354.16667,0
18357.63889,0
18361.11111,0
18364.58333,0
18368.05556,0
18371.52778,0
18375,0
18378.47222,0
18381.94444,0
18385.41667,0
18388.88889,0
18392.36111,0
18395.83333,0
18399.30556,0
18402.77778,0
18406.25,0
18409.72222,0
18413.19444,0
18416.66667,0
18420.13889,0
18423.61111,0
18427.08333,0
18430.55556,0
18434.02778,0
18437.5,0
18440.97222,0
18444.44444,0
18447.91667,0
18451.38889,0
18454.86111,0
18458.33333,0
18461.80556,0
18465.27778,0
18468.75,0
18472.22222,0
18475.69444,0
18479.16667,0
18482.63889,0
18486.11111,0
18489.58333,0
18493.05556,0
18496.52778,0
18500,0
18503.47222,0
18506.94444,0
18510.41667,0
18513.88889,0
18517.36111,0
18520.83333,0
18524.30556,0
18527.77778,0
18531.25,0
18534.72222,0
18538.19444,0
18541.66667,0
18545.13889,0
18548.61111,0
18552.08333,0
18555.55556,0
18559.02778,0
18562.5,0
18565.97222,0
18569.44444,0
18572.91667,0
18576.38889,0
18579.86111,0
18583.33333,0
18586.80556,0
18590.27778,0
18593.75,0
18597.22222,0
18600.69444,0
18604.16667,0
18607.63889,0
18611.11111,0
18614.58333,0
18618.05556,0
18621.52778,0
18625,0
18628.47222,0
18631.94444,0
18635.41667,0
18638.88889,0
18642.36111,0
18645.83333,0
18649.30556,0
18652.77778,0
18656.25,0
18659.72222,0
18663.19444,0
18666.66667,0
18670.13889,0
18673.61111,0
18677.08333,0
18680.55556,0
18684.02778,0
18687.5,0
18690.97222,0
18694.44444,0
18697.91667,0
18701.38889,0
18704.86111,0
18708.33333,0
18711.80556,0
18715.27778,0
18718.75,0
18722.22222,0
18725.69444,0
18729.16667,0
18732.63889,0
18736.11111,0
18739.58333,0
18743.05556,0
18746.52778,0
18750,0
18753.47222,0
18756.94444,0
18760.41667,0
18763.88889,0
18767.36111,0
18770.83333,0
18774.30556,0
18777.77778,0
18781.25,0
18784.72222,0
18788.19444,0
18791.66667,0
18795.13889,0
18798.61111,0
18802.08333,0
18805.55556,0
18809.02778,0
18812.5,0
18815.97222,0
18819.44444,0
18822.91667,0
18826.38889,0
18829.86111,0
18833.33333,0
18836.80556,0
18840.27778,0
18843.75,0
18847.22222,0
18850.69444,0
18854.16667,0
18857.63889,0
18861.11111,0
18864.58333,0
18868.05556,0
18871.52778,0
18875,0
18878.47222,0
18881.94444,0
18885.41667,0
18888.88889,0
18892.36111,0
18895.83333,0
18899.30556,0
18902.77778,0
18906.25,0
18909.72222,0
18913.19444,0
18916.66667,0
18920.13889,0
18923.61111,0
18927.08333,0
18930.55556,0
18934.02778,0
18937.5,0
18940.97222,0
18944.44444,0
18947.91667,0
18951.38889,0
18954.86111,0
18958.33333,0
18961.80556,0
18965.27778,0
18968.75,0
18972.22222,0
18975.69444,0
18979.16667,0
18982.63889,0
18986.11111,0
18989.58333,0
18993.05556,0
18996.52778,0
19000,0
19003.47222,0
19006.94444,0
19010.41667,0
19013.88889,0
19017.36111,0
19020.83333,0
19024.30556,0
19027.77778,0
19031.25,0
19034.72222,0
19038.19444,0
19041.66667,0
19045.13889,0
19048.61111,0
19052.08333,0
19055.55556,0
19059.02778,0
19062.5,0
19065.97222,0
19069.44444,0
19072.91667,0
19076.38889,0
19079.86111,0
19083.33333,0
19086.80556,0
19090.27778,0
19093.75,0
19097.22222,0
19100.69444,0
19104.16667,0
19107.63889,0
19111.11111,0
19114.58333,0
19118.05556,0
19121.52778,0
19125,0
19128.47222,0
19131.94444,0
19135.41667,0
19138.88889,0
19142.36111,0
19145.83333,0
19149.30556,0
19152.77778,0
19156.25,0
19159.72222,0
19163.19444,0
19166.66667,0
19170.13889,0
19173.61111,0
19177.08333,0
19180.55556,0
19184.02778,0
19187.5,0
19190.97222,0
19194.44444,0
19197.91667,0
19201.38889,0
19204.86111,0
19208.33333,0
19211.80556,0
19215.27778,0
19218.75,0
19222.22222,0
19225.69444,0
19229.16667,0
19232.63889,0
19236.11111,0
19239.58333,0
19243.05556,0
19246.52778,0
19250,0
19253.47222,0
19256.94444,0
19260.41667,0
19263.88889,0
19267.36111,0
19270.83333,0
19274.30556,0
19277.77778,0
19281.25,0
19284.72222,0
19288.19444,0
19291.66667,0
19295.13889,0
19298.61111,0
19302.08333,0
19305.55556,0
19309.02778,0
19312.5,0
19315.97222,0
19319.44444,0
19322.91667,0
19326.38889,0
19329.86111,0
19333.33333,0
19336.80556,0
19340.27778,0
19343.75,0
19347.22222,0
19350.69444,0
19354.16667,0
19357.63889,0
19361.11111,0
19364.58333,0
19368.05556,0
19371.52778,0
19375,0
19378.47222,0
19381.94444,0
19385.41667,0
19388.88889,0
19392.36111,0
19395.83333,0
19399.30556,0
19402.77778,0
19406.25,0
19409.72222,0
19413.19444,0
19416.66667,0
19420.13889,0
19423.61111,0
19427.08333,0
19430.55556,0
19434.02778,0
19437.5,0
19440.97222,0
19444.44444,0
19447.91667,0
19451.38889,0
19454.86111,0
19458.33333,0
19461.80556,0
19465.27778,0
19468.75,0
19472.22222,0
19475.69444,0
19479.16667,0
19482.63889,0
19486.11111,0
19489.58333,0
19493.05556,0
19496.52778,0
19500,0
19503.47222,0
19506.94444,0
19510.41667,0
19513.88889,0
19517.36111,0
19520.83333,0
19524.30556,0
19527.77778,0
19531.25,0
19534.72222,0
19538.19444,0
19541.66667,0
19545.13889,0
19548.61111,0
19552.08333,0
19555.55556,0
19559.02778,0
19562.5,0
19565.97222,0
19569.44444,0
19572.91667,0
19576.38889,0
19579.86111,0
19583.33333,0
19586.80556,0
19590.27778,0
19593.75,0
19597.22222,0
19600.69444,0
19604.16667,0
19607.63889,0
19611.11111,0
19614.58333,0
19618.05556,0
19621.52778,0
19625,0
19628.47222,0
19631.94444,0
19635.41667,0
19638.88889,0
19642.36111,0
19645.83333,0
19649.30556,0
19652.77778,0
19656.25,0
19659.72222,0
19663.19444,0
19666.66667,0
19670.13889,0
19673.61111,0
19677.08333,0
19680.55556,0
19684.02778,0
19687.5,0
19690.97222,0
19694.44444,0
19697.91667,0
19701.38889,0
19704.86111,0
19708.33333,0
19711.80556,0
19715.27778,0
19718.75,0
19722.22222,0
19725.69444,0
19729.16667,0
19732.63889,0
19736.11111,0
19739.58333,0
19743.05556,0
19746.52778,0
19750,0
19753.47222,0
19756.94444,0
19760.41667,0
19763.88889,0
19767.36111,0
19770.83333,0
19774.30556,0
19777.77778,0
19781.25,0
19784.72222,0
19788.19444,0
19791.66667,0
19795.13889,0
19798.61111,0
19802.08333,0
19805.55556,0
19809.02778,0
19812.5,0
19815.97222,0
19819.44444,0
19822.91667,0
19826.38889,0
19829.86111,0
19833.33333,0
19836.80556,0
19840.27778,0
19843.75,0
19847.22222,0
19850.69444,0
19854.16667,0
19857.63889,0
19861.11111,0
19864.58333,0
19868.05556,0
19871.52778,0
19875,0
19878.47222,0
19881.94444,0
19885.41667,0
19888.88889,0
19892.36111,0
19895.83333,0
19899.30556,0
19902.77778,0
19906.25,0
19909.72222,0
19913.19444,0
19916.66667,0
19920.13889,0
19923.61111,0
19927.08333,0
19930.55556,0
19934.02778,0
19937.5,0
19940.97222,0
19944.44444,0
19947.91667,0
19951.38889,0
19954.86111,0
19958.33333,0
19961.80556,0
19965.27778,0
19968.75,0
19972.22222,0
19975.69444,0
19979.16667,0
19982.63889,0
19986.11111,0
19989.58333,0
19993.05556,0
19996.52778,0
20000,0
