Level and Distortion,
Left-Left(Total),
X,Y
Hz,dBSPL
13.8888888888889,35.047275635699
27.7777777777778,41.9385774002009
41.6666666666667,44.1754796101812
55.5555555555556,42.5085706858904
69.4444444444444,38.2974273187949
83.3333333333333,35.1036752352559
97.2222222222222,32.2121005260402
111.111111111111,31.4500095833002
125,27.8147760527892
138.888888888889,22.9578370599105
152.777777777778,21.9075901863779
166.666666666667,26.6719280075267
180.555555555556,26.5637672584229
194.444444444444,20.4230709247921
208.333333333333,21.0093808261598
222.222222222222,16.935074861132
236.111111111111,23.5541091786165
250,23.0162853603744
263.888888888889,20.4784109342912
277.777777777778,17.7527953137757
291.666666666667,19.1267083602862
305.555555555556,18.0043047298592
319.444444444444,17.1063920091273
333.333333333333,18.0191162404651
347.222222222222,17.5094961728181
361.111111111111,20.897649519618
375,17.7516917457581
388.888888888889,16.3189284717635
402.777777777778,17.583436390744
416.666666666667,16.3054325479396
430.555555555556,14.3249488261376
444.444444444444,15.0393768275428
458.333333333333,15.4270768552423
472.222222222222,14.3931694725861
486.111111111111,16.611167705917
500,15.6561058242262
513.888888888889,15.3200924037562
527.777777777778,16.9335261889392
541.666666666667,17.0510327262431
555.555555555556,17.7375101276412
569.444444444444,17.2976013876564
583.333333333333,16.1979296603013
597.222222222222,15.7027756246297
611.111111111111,16.7231727634353
625,19.5166328051159
638.888888888889,19.5558327912064
652.777777777778,18.122347150322
666.666666666667,17.6567003846185
680.555555555556,15.7872809277464
694.444444444444,13.5848838101777
708.333333333333,15.7356090919474
722.222222222222,16.4358190841448
736.111111111111,15.9306794342244
750,15.4052936224402
763.888888888889,13.8794509249774
777.777777777778,12.8717065273959
791.666666666667,14.970437317579
805.555555555556,16.7405300735862
819.444444444444,16.1826671270745
833.333333333333,16.7742116752833
847.222222222222,17.7917615332244
861.111111111111,15.6002866845657
875,15.5272099475218
888.888888888889,16.9724997960049
902.777777777778,15.5974079202043
916.666666666667,17.1839616208557
930.555555555556,17.2814394000205
944.444444444444,15.9372873610151
958.333333333333,16.531710804083
972.222222222222,15.1780143404513
986.111111111111,16.1848934070768
1000,16.7474768350653
1013.88888888889,16.1868965166033
1027.77777777778,18.1132027156892
1041.66666666667,18.2575425044184
1055.55555555556,17.7979368276203
1069.44444444444,17.0950584963252
1083.33333333333,14.5352584451739
1097.22222222222,15.9640194367229
1111.11111111111,17.1358439300711
1125,16.5587371364346
1138.88888888889,17.1024143804719
1152.77777777778,16.8887983459955
1166.66666666667,15.9724004946995
1180.55555555556,14.4441334584289
1194.44444444444,14.4356998198175
1208.33333333333,16.856610723774
1222.22222222222,17.5459526070294
1236.11111111111,17.2664342569658
1250,16.5007178920859
1263.88888888889,16.5184519998669
1277.77777777778,16.4391250918228
1291.66666666667,15.5593362056154
1305.55555555556,16.7792011037562
1319.44444444444,17.3885747161023
1333.33333333333,16.3890394044483
1347.22222222222,16.4252946602398
1361.11111111111,17.3174457012012
1375,17.040082123237
1388.88888888889,16.2563701362301
1402.77777777778,15.9700399873861
1416.66666666667,16.3589358743751
1430.55555555556,17.6110055943392
1444.44444444444,18.3835292506911
1458.33333333333,17.6555409967545
1472.22222222222,15.9885141359241
1486.11111111111,15.0454182721888
1500,16.1488687672999
1513.88888888889,17.2034152661666
1527.77777777778,16.7958178156342
1541.66666666667,17.486895877784
1555.55555555556,18.5959279475803
1569.44444444444,18.7985513522408
1583.33333333333,18.8240406523762
1597.22222222222,18.5659737850773
1611.11111111111,17.6482592179746
1625,17.4877343404803
1638.88888888889,18.6301429314413
1652.77777777778,19.0496926793737
1666.66666666667,17.8183296341206
1680.55555555556,16.0872383770767
1694.44444444444,16.1477168131949
1708.33333333333,16.5517526313494
1722.22222222222,16.663900149857
1736.11111111111,17.5119023028313
1750,17.3831101987071
1763.88888888889,16.6489460829426
1777.77777777778,17.7034750862999
1791.66666666667,19.0575945728967
1805.55555555556,19.6395067651394
1819.44444444444,18.0233572790879
1833.33333333333,15.7946408693143
1847.22222222222,15.6842158831176
1861.11111111111,14.756029801301
1875,15.6339803120018
1888.88888888889,17.5988815673421
1902.77777777778,18.6706326108223
1916.66666666667,17.6645818726319
1930.55555555556,16.9786814906055
1944.44444444444,16.7212441547598
1958.33333333333,15.8039533825674
1972.22222222222,16.4442238339263
1986.11111111111,16.3320968353252
2000,17.3923678260217
2013.88888888889,18.6579577303496
2027.77777777778,18.9308854692353
2041.66666666667,18.1210215969977
2055.55555555556,16.3364961514263
2069.44444444444,16.0383714830231
2083.33333333333,16.0131933395361
2097.22222222222,15.2605075394619
2111.11111111111,16.0187482646489
2125,18.1492431270001
2138.88888888889,19.8731479345567
2152.77777777778,19.5297423641443
2166.66666666667,16.55488176224
2180.55555555556,15.5191696524181
2194.44444444444,16.0100905688363
2208.33333333333,16.7240169392251
2222.22222222222,18.7690417543035
2236.11111111111,19.0509880552934
2250,17.3989475446092
2263.88888888889,14.9037815412204
2277.77777777778,15.4498186961284
2291.66666666667,17.9945991444909
2305.55555555556,17.7268239913147
2319.44444444444,17.2403119904223
2333.33333333333,18.7573775190846
2347.22222222222,17.6665058968501
2361.11111111111,15.7076599012064
2375,16.1051333152556
2388.88888888889,17.2372273445267
2402.77777777778,19.3674433739527
2416.66666666667,19.3843053205688
2430.55555555556,17.5827187762557
2444.44444444444,16.3253791248832
2458.33333333333,15.3237292146728
2472.22222222222,16.9996267891219
2486.11111111111,18.595902446447
2500,18.3492915893118
2513.88888888889,18.4447327855345
2527.77777777778,19.01660491306
2541.66666666667,17.8362387783298
2555.55555555556,16.1429879715334
2569.44444444444,17.2769805560056
2583.33333333333,18.2282971495792
2597.22222222222,17.9225727082024
2611.11111111111,16.4047877109383
2625,14.8057799179987
2638.88888888889,16.1285845063001
2652.77777777778,17.2251343126584
2666.66666666667,16.810112718731
2680.55555555556,15.9401260727994
2694.44444444444,17.9351691015921
2708.33333333333,18.2615388155509
2722.22222222222,16.7729816718161
2736.11111111111,16.9971028284827
2750,16.3749412730716
2763.88888888889,17.1210862160766
2777.77777777778,16.913945123561
2791.66666666667,14.918002421357
2805.55555555556,15.9628818567418
2819.44444444444,16.1720657049108
2833.33333333333,18.326866063959
2847.22222222222,18.9588002021151
2861.11111111111,18.0419184741005
2875,19.3954430632347
2888.88888888889,18.9537583077674
2902.77777777778,17.2633172070623
2916.66666666667,17.5765202323037
2930.55555555556,17.9294098586178
2944.44444444444,17.1501592230639
2958.33333333333,16.1409143484551
2972.22222222222,15.7056064278955
2986.11111111111,14.3808297883199
3000,16.555079619198
3013.88888888889,18.8415542150071
3027.77777777778,18.3737024559816
3041.66666666667,16.3187382109722
3055.55555555556,15.0454331693547
3069.44444444444,16.0266241461595
3083.33333333333,17.6083202586049
3097.22222222222,16.5926351881443
3111.11111111111,16.1428731053051
3125,15.7748600001417
3138.88888888889,14.2525983963385
3152.77777777778,16.061267419479
3166.66666666667,16.0040917513359
3180.55555555556,17.4535125498095
3194.44444444444,17.3850541027951
3208.33333333333,16.0541080873497
3222.22222222222,17.914423095809
3236.11111111111,18.867100194287
3250,19.4363364319618
3263.88888888889,19.8383859022804
3277.77777777778,17.8908318061052
3291.66666666667,15.3660442220292
3305.55555555556,16.5160163661834
3319.44444444444,17.2846735411642
3333.33333333333,18.2424862042868
3347.22222222222,17.4802319366306
3361.11111111111,16.0021805156279
3375,16.7769054884696
3388.88888888889,18.1527066342393
3402.77777777778,18.0395193688018
3416.66666666667,15.4789575290875
3430.55555555556,16.7858490611693
3444.44444444444,17.878790238448
3458.33333333333,16.524287752229
3472.22222222222,16.6465271553538
3486.11111111111,17.3935118473771
3500,16.4098434171333
3513.88888888889,15.1766188822171
3527.77777777778,16.083352720865
3541.66666666667,17.0375882382233
3555.55555555556,17.8944642834477
3569.44444444444,18.6535791932376
3583.33333333333,19.3164205495818
3597.22222222222,17.3522991998994
3611.11111111111,13.737684088762
3625,15.0959394457966
3638.88888888889,15.5948647711836
3652.77777777778,15.801398542243
3666.66666666667,15.5113435434876
3680.55555555556,14.4663345770841
3694.44444444444,14.8237465867212
3708.33333333333,16.0471694362214
3722.22222222222,16.5932837484411
3736.11111111111,15.9214350828477
3750,17.3177549424472
3763.88888888889,18.2064004976773
3777.77777777778,16.713021170079
3791.66666666667,15.4523186363102
3805.55555555556,14.5729759508508
3819.44444444444,16.6557305461926
3833.33333333333,18.6322095921533
3847.22222222222,16.4777279026538
3861.11111111111,17.005169940414
3875,18.2560042571366
3888.88888888889,16.3495349475298
3902.77777777778,14.9443733847052
3916.66666666667,13.6196596586524
3930.55555555556,16.13727012714
3944.44444444444,17.7361398490852
3958.33333333333,16.2998775987137
3972.22222222222,17.1874663561929
3986.11111111111,17.6166272449189
4000,16.3228868695354
4013.88888888889,18.3878939877721
4027.77777777778,19.3517511872313
4041.66666666667,18.3182368598328
4055.55555555556,17.6032084884297
4069.44444444444,18.5685402173783
4083.33333333333,18.0840854203199
4097.22222222222,14.5858517723176
4111.11111111111,16.0771805141508
4125,19.1807180619319
4138.88888888889,18.8520516253442
4152.77777777778,16.2412296208749
4166.66666666667,16.0937137701197
4180.55555555556,16.0915145978258
4194.44444444444,14.6177482397365
4208.33333333333,14.2585569168876
4222.22222222222,14.5049060691878
4236.11111111111,16.1919661427936
4250,17.1094805292685
4263.88888888889,17.5011885344184
4277.77777777778,17.235726058743
4291.66666666667,16.1477334523665
4305.55555555556,14.5365990753468
4319.44444444444,12.4071282202532
4333.33333333333,12.4893214735631
4347.22222222222,16.4881907952946
4361.11111111111,17.3160327056439
4375,15.7943839920941
4388.88888888889,14.9821054012316
4402.77777777778,14.103508465309
4416.66666666667,14.2305493127462
4430.55555555556,15.0980292771682
4444.44444444444,16.5466719542841
4458.33333333333,16.1079221405481
4472.22222222222,14.786877479119
4486.11111111111,16.0441981919911
4500,16.5575698893716
4513.88888888889,17.3368409305812
4527.77777777778,17.6624451791202
4541.66666666667,16.0739297468715
4555.55555555556,16.0083753613176
4569.44444444444,18.0130133792893
4583.33333333333,17.5716541907971
4597.22222222222,17.3918931143383
4611.11111111111,17.6733810709746
4625,16.1057618543443
4638.88888888889,16.298148036796
4652.77777777778,16.5850228310363
4666.66666666667,15.7915703323959
4680.55555555556,15.8959932483434
4694.44444444444,17.9450164912196
4708.33333333333,18.0043428622074
4722.22222222222,15.6723629622089
4736.11111111111,16.7307006088149
4750,17.1985348663457
4763.88888888889,15.1472072608974
4777.77777777778,16.3871823736001
4791.66666666667,17.3011393804463
4805.55555555556,15.3706563390694
4819.44444444444,15.0918620040474
4833.33333333333,15.8181124128539
4847.22222222222,16.4547535719032
4861.11111111111,17.19326868371
4875,16.2774432351462
4888.88888888889,14.3806459254955
4902.77777777778,13.110910879981
4916.66666666667,16.1486060506076
4930.55555555556,17.117270749547
4944.44444444444,16.6183444816599
4958.33333333333,14.6677983634795
4972.22222222222,13.9089017597025
4986.11111111111,16.3724226234741
5000,14.9163860382166
5013.88888888889,15.6920549753735
5027.77777777778,15.9368543134734
5041.66666666667,14.4678651627817
5055.55555555556,15.5885548605714
5069.44444444444,15.5986419818657
5083.33333333333,15.7288686716577
5097.22222222222,14.0117196500808
5111.11111111111,12.7141697448349
5125,14.6908284258899
5138.88888888889,17.1682614044686
5152.77777777778,18.6294973995412
5166.66666666667,16.9699974195849
5180.55555555556,14.4627398169738
5194.44444444444,14.1581246745141
5208.33333333333,13.2455856313058
5222.22222222222,15.7554224502407
5236.11111111111,16.6971421555826
5250,14.6810230011056
5263.88888888889,12.7919878315541
5277.77777777778,14.6488641278703
5291.66666666667,17.5961015346742
5305.55555555556,18.1242734557976
5319.44444444444,17.6181958531637
5333.33333333333,17.8426346679308
5347.22222222222,18.50034234693
5361.11111111111,17.3422003537636
5375,14.7070317827365
5388.88888888889,16.5796574548017
5402.77777777778,17.4443584069016
5416.66666666667,17.6020211628755
5430.55555555556,17.9231484475147
5444.44444444444,15.9501737017121
5458.33333333333,13.3735601059166
5472.22222222222,13.747322441623
5486.11111111111,16.6762464059871
5500,17.2626931951916
5513.88888888889,15.5546055869684
5527.77777777778,16.490891495556
5541.66666666667,16.2021019406657
5555.55555555556,15.6217938183237
5569.44444444444,18.0388158912784
5583.33333333333,17.7617092637391
5597.22222222222,16.0019250373157
5611.11111111111,15.4528589561577
5625,16.3510395091496
5638.88888888889,17.7101074895962
5652.77777777778,15.223549989909
5666.66666666667,17.0787613556149
5680.55555555556,19.1808664969449
5694.44444444444,17.18326696309
5708.33333333333,16.5582470397987
5722.22222222222,16.6617299532401
5736.11111111111,14.7715786443516
5750,13.2933113934641
5763.88888888889,18.2103274427916
5777.77777777778,19.7503482516172
5791.66666666667,15.481926175804
5805.55555555556,14.7312906230311
5819.44444444444,17.5034893984574
5833.33333333333,17.2283409177125
5847.22222222222,16.3914341766109
5861.11111111111,14.4735200907732
5875,16.9978862045136
5888.88888888889,17.2404048305235
5902.77777777778,13.5684937858792
5916.66666666667,14.5318402821033
5930.55555555556,15.4604217259683
5944.44444444444,16.7881113017182
5958.33333333333,18.6608863032627
5972.22222222222,18.1458334263969
5986.11111111111,15.6732804226466
6000,13.1317231959426
6013.88888888889,13.5785645786269
6027.77777777778,13.6215353234628
6041.66666666667,10.695576856926
6055.55555555556,14.3006579897498
6069.44444444444,18.1805974810114
6083.33333333333,18.8256147079036
6097.22222222222,17.2504545641138
6111.11111111111,15.744271592882
6125,15.6733654637195
6138.88888888889,14.5100105377293
6152.77777777778,15.7757234611301
6166.66666666667,17.3942554831486
6180.55555555556,14.9887898025156
6194.44444444444,12.334953813003
6208.33333333333,14.5814400782173
6222.22222222222,12.4046799100199
6236.11111111111,13.8459914436656
6250,16.560220750752
6263.88888888889,13.4558269827949
6277.77777777778,13.8701257673659
6291.66666666667,17.0178145094929
6305.55555555556,16.6123142804075
6319.44444444444,14.3245931546849
6333.33333333333,13.2606831269249
6347.22222222222,13.1168847140756
6361.11111111111,14.0575685501398
6375,17.6845885097234
6388.88888888889,17.28775273101
6402.77777777778,13.4349589417376
6416.66666666667,13.2654662191415
6430.55555555556,13.9742400837815
6444.44444444444,15.0096398343938
6458.33333333333,15.3519325522816
6472.22222222222,16.3787460439166
6486.11111111111,19.1483425195203
6500,20.9946999074283
6513.88888888889,20.1274754111446
6527.77777777778,16.1159084470812
6541.66666666667,13.3594679073254
6555.55555555556,16.2152793383643
6569.44444444444,19.8290596841635
6583.33333333333,20.8497675607019
6597.22222222222,20.5577130735244
6611.11111111111,19.9626123429484
6625,18.2489519308605
6638.88888888889,16.1382020439327
6652.77777777778,14.669195345844
6666.66666666667,15.2382335050629
6680.55555555556,15.7217715489836
6694.44444444444,19.6181323014534
6708.33333333333,21.4713482054246
6722.22222222222,20.2754711879536
6736.11111111111,18.3783651798239
6750,17.4974034676729
6763.88888888889,18.5231421174404
6777.77777777778,18.8848389707245
6791.66666666667,18.4800945953891
6805.55555555556,18.6300786993445
6819.44444444444,17.3798198355405
6833.33333333333,16.4724257446839
6847.22222222222,16.0299127633937
6861.11111111111,17.5219222910242
6875,16.7336864953299
6888.88888888889,14.2413055640793
6902.77777777778,17.6348213080054
6916.66666666667,19.4620566255007
6930.55555555556,20.9888148882487
6944.44444444444,20.1595791664281
6958.33333333333,16.1191125437617
6972.22222222222,17.917003970474
6986.11111111111,20.5739024836284
7000,21.3621960241609
7013.88888888889,19.5699290908208
7027.77777777778,17.3920804897472
7041.66666666667,18.0928331205295
7055.55555555556,18.8775081538737
7069.44444444444,19.8456088360429
7083.33333333333,19.6549096954614
7097.22222222222,20.2558592198351
7111.11111111111,21.4500140489223
7125,21.965858231388
7138.88888888889,21.219878174619
7152.77777777778,18.4779401595432
7166.66666666667,16.0840367526265
7180.55555555556,15.9891359358271
7194.44444444444,16.3282800095434
7208.33333333333,14.2228841196548
7222.22222222222,12.1387945874996
7236.11111111111,15.6869066925669
7250,18.1659392600531
7263.88888888889,18.8800200869532
7277.77777777778,17.2043042275491
7291.66666666667,14.9057885744654
7305.55555555556,14.9134174113822
7319.44444444444,17.8921407326623
7333.33333333333,19.9039171268808
7347.22222222222,18.9766899492437
7361.11111111111,17.4577920739743
7375,16.8815407938529
7388.88888888889,16.7610270856615
7402.77777777778,15.656008478573
7416.66666666667,14.6100057884828
7430.55555555556,15.0782533525747
7444.44444444444,15.9060433339745
7458.33333333333,21.6815099171756
7472.22222222222,23.5020347204224
7486.11111111111,20.4425968249938
7500,14.1147398569625
7513.88888888889,14.1889696704122
7527.77777777778,15.9613884632633
7541.66666666667,18.4878888190559
7555.55555555556,18.4683110469527
7569.44444444444,16.5259640935818
7583.33333333333,15.4127064364187
7597.22222222222,14.9122970092382
7611.11111111111,14.9651159273876
7625,15.5651830579485
7638.88888888889,18.0399322251416
7652.77777777778,17.6418471263342
7666.66666666667,13.0221425061753
7680.55555555556,14.8175999088603
7694.44444444444,17.5243641245766
7708.33333333333,17.4253660103166
7722.22222222222,15.4930581900877
7736.11111111111,13.0756165244039
7750,14.3871522555149
7763.88888888889,17.2807549065957
7777.77777777778,16.9331696486637
7791.66666666667,13.5996733010826
7805.55555555556,11.4964374608435
7819.44444444444,16.6954352566659
7833.33333333333,19.4929073132589
7847.22222222222,19.0778102294563
7861.11111111111,17.9994941420427
7875,16.4047672401497
7888.88888888889,15.3033344178406
7902.77777777778,15.9242073959026
7916.66666666667,14.4702314596813
7930.55555555556,13.692594408798
7944.44444444444,16.1778501372998
7958.33333333333,15.9929276181773
7972.22222222222,13.6576040868527
7986.11111111111,10.976950111068
8000,6.70803081412284
8013.88888888889,11.1574734403547
8027.77777777778,13.1948925431351
8041.66666666667,13.2213509425885
8055.55555555556,9.98851958423041
8069.44444444444,11.6731460814706
8083.33333333333,8.8230000597104
8097.22222222222,18.6461960328848
8111.11111111111,22.8941058534828
8125,22.1536315070058
8138.88888888889,18.8805051973869
8152.77777777778,15.5477650487315
8166.66666666667,16.6429801342483
8180.55555555556,17.1073578030026
8194.44444444445,13.755020290463
8208.33333333333,14.6656510989543
8222.22222222222,18.681463014706
8236.11111111111,18.5958304571212
8250,12.0298941076335
8263.88888888889,11.4711212447755
8277.77777777778,13.5549153136614
8291.66666666667,14.0409979326937
8305.55555555556,13.3999654276529
8319.44444444445,14.0875015087157
8333.33333333333,15.5962975182522
8347.22222222222,13.9128647413925
8361.11111111111,13.3648360833978
8375,9.62063273098003
8388.88888888889,9.93730421112866
8402.77777777778,14.0444735937383
8416.66666666667,18.2857854876994
8430.55555555556,18.3659279266784
8444.44444444445,14.1348625960647
8458.33333333333,16.0181548003911
8472.22222222222,16.0216794774455
8486.11111111111,15.206412874866
8500,16.015313711741
8513.88888888889,15.6506006543135
8527.77777777778,16.3025417381699
8541.66666666667,17.7885225601818
8555.55555555556,18.3938931214465
8569.44444444445,15.8521500087318
8583.33333333333,13.3418376391125
8597.22222222222,15.19740230608
8611.11111111111,15.5739510222561
8625,15.3226659283146
8638.88888888889,15.3182500456945
8652.77777777778,15.6473692784009
8666.66666666667,14.6404199820456
8680.55555555556,16.7992819591107
8694.44444444445,18.9171124923226
8708.33333333333,16.7170010778352
8722.22222222222,13.2043625531483
8736.11111111111,15.1842451863347
8750,17.6729571240677
8763.88888888889,15.353279809478
8777.77777777778,8.92003648267427
8791.66666666667,16.93843063689
8805.55555555556,17.7728520243993
8819.44444444445,15.5458224558339
8833.33333333333,14.8738229377132
8847.22222222222,15.0612825572665
8861.11111111111,12.3100576332132
8875,9.52990438354422
8888.88888888889,14.2548277295186
8902.77777777778,16.0286636290867
8916.66666666667,16.2980920857534
8930.55555555556,14.9455646050279
8944.44444444445,13.8259084215154
8958.33333333333,9.49065609250658
8972.22222222222,6.73347465765981
8986.11111111111,13.4357150612964
9000,11.3038288985612
9013.88888888889,11.4514142031984
9027.77777777778,12.6915628795485
9041.66666666667,9.48375990707756
9055.55555555556,11.2052037171266
9069.44444444445,13.0938254584958
9083.33333333333,14.888675325327
9097.22222222222,13.9827840058894
9111.11111111111,16.2001136733048
9125,18.9210963399081
9138.88888888889,16.1076473743573
9152.77777777778,10.7965531902301
9166.66666666667,12.1815100744855
9180.55555555556,11.603318247659
9194.44444444445,10.762945569452
9208.33333333333,10.8460946562335
9222.22222222222,11.8781584298929
9236.11111111111,12.9671800768538
9250,14.7349418286228
9263.88888888889,16.2365281467322
9277.77777777778,18.324545241494
9291.66666666667,17.5078921638611
9305.55555555556,11.312983679913
9319.44444444445,12.0226774749818
9333.33333333333,10.0609169617797
9347.22222222222,10.9596514660191
9361.11111111111,15.1029887523276
9375,13.9374262193618
9388.88888888889,15.1405918742811
9402.77777777778,16.1966708616139
9416.66666666667,13.0493487519414
9430.55555555556,10.5569937660611
9444.44444444445,14.6551269938829
9458.33333333333,14.6025772972013
9472.22222222222,10.4941798826691
9486.11111111111,8.3955094921557
9500,10.692492355153
9513.88888888889,15.3895418213663
9527.77777777778,16.4993663943186
9541.66666666667,17.6909073310312
9555.55555555556,18.5304638668979
9569.44444444445,14.5877497172358
9583.33333333333,12.5344487251046
9597.22222222222,13.712971755996
9611.11111111111,14.0632159710561
9625,15.3139436944188
9638.88888888889,13.2128696590085
9652.77777777778,11.1762826568815
9666.66666666667,9.48464530324205
9680.55555555556,14.3396303998238
9694.44444444445,17.290157427766
9708.33333333333,16.5798326445844
9722.22222222222,16.9970613403912
9736.11111111111,16.5344042418537
9750,13.4932983289901
9763.88888888889,13.3030750704469
9777.77777777778,11.4502651401602
9791.66666666667,10.8101845913369
9805.55555555556,13.8532181639926
9819.44444444445,13.3378705164726
9833.33333333333,14.7540526534488
9847.22222222222,14.5959393945253
9861.11111111111,11.7027610396911
9875,12.0714667447478
9888.88888888889,13.1611149285905
9902.77777777778,13.4844864250064
9916.66666666667,13.3844005569762
9930.55555555556,15.3781069417815
9944.44444444445,14.0740347439995
9958.33333333333,13.8469869964781
9972.22222222222,15.0643687385369
9986.11111111111,7.92288223427243
10000,12.6252722156168
10013.8888888889,16.6365071542605
10027.7777777778,14.8965638255099
10041.6666666667,12.1887730666883
10055.5555555556,14.666813828898
10069.4444444444,14.4928649821778
10083.3333333333,10.3113269516497
10097.2222222222,5.60923543344378
10111.1111111111,6.85833597694734
10125,10.7198084003154
10138.8888888889,12.0533925766624
10152.7777777778,14.1225163405688
10166.6666666667,13.0186717379266
10180.5555555556,14.5599265331901
10194.4444444444,15.5988527434163
10208.3333333333,12.8336184560778
10222.2222222222,12.3667115621339
10236.1111111111,10.3080331863077
10250,13.4461630268843
10263.8888888889,14.7375143579859
10277.7777777778,10.2186069465953
10291.6666666667,10.8256985164077
10305.5555555556,10.4264248867341
10319.4444444444,14.3845746596788
10333.3333333333,16.9554949075242
10347.2222222222,14.8499243599488
10361.1111111111,11.8020962503951
10375,9.53267430559316
10388.8888888889,8.58037720785413
10402.7777777778,9.24932839488583
10416.6666666667,11.5464001366939
10430.5555555556,13.0010558300669
10444.4444444444,15.0836968349149
10458.3333333333,16.5760108442704
10472.2222222222,12.4397284871561
10486.1111111111,4.21114498855005
10500,12.4219794542584
10513.8888888889,12.9374390341692
10527.7777777778,14.0776839440586
10541.6666666667,14.9326586301651
10555.5555555556,14.4544202113492
10569.4444444444,14.3655193977158
10583.3333333333,15.3885352331974
10597.2222222222,15.7942387469611
10611.1111111111,12.7414843777076
10625,9.20519806582884
10638.8888888889,8.65648720203751
10652.7777777778,11.1007106493765
10666.6666666667,15.7231842622745
10680.5555555556,13.1288341876946
10694.4444444444,8.42687104574086
10708.3333333333,15.7761439836354
10722.2222222222,13.7774949138899
10736.1111111111,9.27635819486396
10750,14.8626402314804
10763.8888888889,13.7538989867809
10777.7777777778,9.3583402629745
10791.6666666667,10.6141063153501
10805.5555555556,10.9698592819116
10819.4444444444,10.5604393288384
10833.3333333333,13.7158665724568
10847.2222222222,14.930136371667
10861.1111111111,11.9020087064352
10875,9.2500455374744
10888.8888888889,12.0221745921466
10902.7777777778,12.6043541574376
10916.6666666667,10.7525252236757
10930.5555555556,12.0072399438963
10944.4444444444,11.8661986989487
10958.3333333333,15.4772547093169
10972.2222222222,18.4968602316009
10986.1111111111,17.1466572848904
11000,14.834883216404
11013.8888888889,11.7458940364629
11027.7777777778,12.3541145062712
11041.6666666667,16.0899755350134
11055.5555555556,12.5084917495758
11069.4444444444,9.18711445301354
11083.3333333333,14.8202479853869
11097.2222222222,15.6209750462078
11111.1111111111,14.4174653186057
11125,10.7593021348538
11138.8888888889,11.6488312777474
11152.7777777778,14.2560106094823
11166.6666666667,12.9631502048406
11180.5555555556,12.1773233436128
11194.4444444444,12.8898167369787
11208.3333333333,11.1151564455048
11222.2222222222,8.81806054486712
11236.1111111111,9.45531523917562
11250,12.5848805863236
11263.8888888889,12.0981381483368
11277.7777777778,11.9972767871315
11291.6666666667,15.927374694379
11305.5555555556,15.8360105943967
11319.4444444444,12.6027289136127
11333.3333333333,11.5720779782375
11347.2222222222,13.0861859423181
11361.1111111111,14.1583058070672
11375,13.8537144509037
11388.8888888889,13.3415010855197
11402.7777777778,12.2917632475122
11416.6666666667,12.2960573999464
11430.5555555556,11.9301970304682
11444.4444444444,12.2214889996751
11458.3333333333,13.5508785885528
11472.2222222222,12.6104208785211
11486.1111111111,12.5050537157301
11500,12.4096048875178
11513.8888888889,13.4167776741342
11527.7777777778,15.2331639461618
11541.6666666667,15.8581083848681
11555.5555555556,13.6525878449176
11569.4444444444,8.32424548289021
11583.3333333333,7.37273757890792
11597.2222222222,10.0516633398759
11611.1111111111,11.4758532221251
11625,12.5024599797597
11638.8888888889,13.6446434936802
11652.7777777778,14.6907623321254
11666.6666666667,18.6500686117463
11680.5555555556,18.6642341054276
11694.4444444444,14.3440798566739
11708.3333333333,12.7270199913166
11722.2222222222,12.2468745871602
11736.1111111111,9.9673425573143
11750,11.4890044372892
11763.8888888889,12.8599247949829
11777.7777777778,11.1887129940479
11791.6666666667,13.6557727885898
11805.5555555556,13.1295404981285
11819.4444444444,14.0322693668851
11833.3333333333,15.191278781879
11847.2222222222,10.9999334916688
11861.1111111111,12.0827558884661
11875,14.1001672805094
11888.8888888889,11.3563415745358
11902.7777777778,12.9821637172362
11916.6666666667,19.8302607127033
11930.5555555556,21.23238936114
11944.4444444444,17.4431625216829
11958.3333333333,9.47744407808453
11972.2222222222,12.329386307879
11986.1111111111,9.86053749325321
12000,8.39630083725471
12013.8888888889,11.4748800903482
12027.7777777778,7.29130960067154
12041.6666666667,10.648116787126
12055.5555555556,13.3192115221473
12069.4444444444,7.56325264349131
12083.3333333333,12.4131731688294
12097.2222222222,15.5898131146783
12111.1111111111,10.3439125502983
12125,12.1007380185688
12138.8888888889,16.310117184699
12152.7777777778,15.5099118441932
12166.6666666667,14.3416740884751
12180.5555555556,16.2227274740682
12194.4444444444,16.0843522350117
12208.3333333333,13.4952105405188
12222.2222222222,13.9298223951382
12236.1111111111,13.9065312998684
12250,12.9401994094533
12263.8888888889,6.66964314160537
12277.7777777778,11.0727941599776
12291.6666666667,14.3236558828326
12305.5555555556,11.5475150632175
12319.4444444444,7.05108140573985
12333.3333333333,6.01083188877989
12347.2222222222,6.5508589412338
12361.1111111111,6.03108723333945
12375,13.6598227797242
12388.8888888889,12.5367787256309
12402.7777777778,10.5823610307905
12416.6666666667,14.0569636363846
12430.5555555556,11.8692997650902
12444.4444444444,2.87662065888347
12458.3333333333,9.74591827197034
12472.2222222222,12.8724424771174
12486.1111111111,8.63768237439894
12500,15.5635785720236
12513.8888888889,17.5850049028546
12527.7777777778,15.9035516579282
12541.6666666667,17.0980416539334
12555.5555555556,16.8331564563571
12569.4444444444,14.9698709025422
12583.3333333333,11.4611577675589
12597.2222222222,4.52011900282765
12611.1111111111,9.91665341291105
12625,9.55257804191834
12638.8888888889,11.1601894854688
12652.7777777778,13.8282793158681
12666.6666666667,12.8464933964579
12680.5555555556,6.48787198672342
12694.4444444444,12.3570010896504
12708.3333333333,13.3651730037514
12722.2222222222,7.48616792900728
12736.1111111111,7.79249435408412
12750,10.6486014569206
12763.8888888889,15.0259376543288
12777.7777777778,14.4651357950585
12791.6666666667,10.5994014062703
12805.5555555556,9.45729074780685
12819.4444444444,10.9541716971705
12833.3333333333,12.9080577130013
12847.2222222222,7.84926693246154
12861.1111111111,2.67548742356177
12875,7.01438405489909
12888.8888888889,2.05997952079851
12902.7777777778,12.2683178279473
12916.6666666667,15.0723644925752
12930.5555555556,12.9741118132649
12944.4444444444,12.228602566145
12958.3333333333,13.8109901728142
12972.2222222222,10.8645227952002
12986.1111111111,11.0130576199292
13000,12.643885722406
13013.8888888889,8.63636066814805
13027.7777777778,8.57645123804919
13041.6666666667,9.4026367523133
13055.5555555556,10.1654831802438
13069.4444444444,12.1342171526095
13083.3333333333,10.4051684169397
13097.2222222222,5.74321267334332
13111.1111111111,9.53503871691133
13125,11.6204720453445
13138.8888888889,8.81016574507954
13152.7777777778,9.62716815023064
13166.6666666667,12.4328952002965
13180.5555555556,12.7576913242862
13194.4444444444,14.1579475280281
13208.3333333333,16.6176833334403
13222.2222222222,15.8580246041327
13236.1111111111,12.30461171628
13250,9.03523613552563
13263.8888888889,8.52726251613885
13277.7777777778,11.3725375408006
13291.6666666667,7.30991000116785
13305.5555555556,10.5754941033277
13319.4444444444,14.9512869686646
13333.3333333333,13.3784027135733
13347.2222222222,9.98548373356505
13361.1111111111,11.6579078544075
13375,9.89154841726676
13388.8888888889,11.6412213136555
13402.7777777778,13.9366020549415
13416.6666666667,9.42566106301609
13430.5555555556,8.64166681983623
13444.4444444444,13.8287815772985
13458.3333333333,15.7280373940905
13472.2222222222,13.919838167936
13486.1111111111,7.90702394965866
13500,8.50208530551189
13513.8888888889,10.1207655718007
13527.7777777778,13.0538885779151
13541.6666666667,12.1554245111589
13555.5555555556,4.41035649919373
13569.4444444444,5.21653704087066
13583.3333333333,5.68248721553421
13597.2222222222,7.77482151995986
13611.1111111111,6.64097890508
13625,10.6165084143345
13638.8888888889,11.1293591153352
13652.7777777778,6.30608821543801
13666.6666666667,13.1531669899316
13680.5555555556,13.5712563880721
13694.4444444444,12.7729402841737
13708.3333333333,11.9905543291698
13722.2222222222,13.6771739339058
13736.1111111111,16.9000259191335
13750,14.4374228147097
13763.8888888889,9.05317135031922
13777.7777777778,11.5468754576973
13791.6666666667,9.92294344966319
13805.5555555556,9.11984103381328
13819.4444444444,10.9637777683704
13833.3333333333,12.7751649704061
13847.2222222222,13.298610986959
13861.1111111111,11.3133830377297
13875,11.914378419736
13888.8888888889,14.946811637551
13902.7777777778,14.2020132010221
13916.6666666667,8.56557124437713
13930.5555555556,9.83285029433452
13944.4444444444,15.5664940980156
13958.3333333333,14.8000900337992
13972.2222222222,9.8486428077435
13986.1111111111,12.4284995597956
14000,11.3141417679492
14013.8888888889,13.4888532483949
14027.7777777778,13.8367131558491
14041.6666666667,9.50524816826534
14055.5555555556,14.9304420837106
14069.4444444444,17.0153271638997
14083.3333333333,15.5906353671981
14097.2222222222,9.81578225806512
14111.1111111111,8.023141640139
14125,13.213912034965
14138.8888888889,14.3888877003288
14152.7777777778,15.0279803054185
14166.6666666667,13.5620242453366
14180.5555555556,9.33203083916363
14194.4444444444,5.24384973120043
14208.3333333333,5.42785767065733
14222.2222222222,7.82207529808413
14236.1111111111,14.1329543811851
14250,16.1504296835104
14263.8888888889,13.605752190126
14277.7777777778,10.2962425074205
14291.6666666667,14.1823038867778
14305.5555555556,16.2250721165172
14319.4444444444,13.4074969563976
14333.3333333333,8.69549661629301
14347.2222222222,13.5374859429758
14361.1111111111,15.46797519366
14375,14.7082814491846
14388.8888888889,12.5509796684335
14402.7777777778,11.7114649602417
14416.6666666667,10.2916065683696
14430.5555555556,12.3191612533761
14444.4444444444,13.7546539084995
14458.3333333333,7.68946548295521
14472.2222222222,6.10815867065151
14486.1111111111,10.9513270634044
14500,10.8987728147371
14513.8888888889,11.2085995907543
14527.7777777778,11.6703475007187
14541.6666666667,12.7484028029293
14555.5555555556,13.3102804806838
14569.4444444444,8.15202751298367
14583.3333333333,9.17685857032243
14597.2222222222,16.9830767253172
14611.1111111111,17.1671535668944
14625,13.2731168358669
14638.8888888889,13.645917982486
14652.7777777778,14.611549959837
14666.6666666667,8.44362207892749
14680.5555555556,6.22118914867296
14694.4444444444,7.68468778919642
14708.3333333333,11.6239211487297
14722.2222222222,16.6321055389173
14736.1111111111,14.4903128217033
14750,13.0095345465185
14763.8888888889,14.0020457147688
14777.7777777778,11.4472579879248
14791.6666666667,13.8329579717784
14805.5555555556,12.9614082953578
14819.4444444444,12.4072147123509
14833.3333333333,13.6481717434666
14847.2222222222,13.9289779479645
14861.1111111111,14.4075992547972
14875,10.0027638864194
14888.8888888889,7.56592375432428
14902.7777777778,10.9127676789395
14916.6666666667,7.740921362002
14930.5555555556,7.88749124218644
14944.4444444444,9.38784636290734
14958.3333333333,8.8818829748122
14972.2222222222,6.4868337995247
14986.1111111111,7.58076922687456
15000,12.4042394010521
15013.8888888889,13.6817536456433
15027.7777777778,13.7634494515848
15041.6666666667,13.980166052198
15055.5555555556,13.3553214619115
15069.4444444444,12.8490460371707
15083.3333333333,11.4256333040039
15097.2222222222,13.6699168686846
15111.1111111111,14.4319986382148
15125,7.43806489660833
15138.8888888889,11.8873391853334
15152.7777777778,13.0818176110321
15166.6666666667,11.8127740523668
15180.5555555556,12.9489022457325
15194.4444444444,6.36121861379043
15208.3333333333,7.15164983678297
15222.2222222222,8.70445612872133
15236.1111111111,8.22654563018286
15250,10.4988158200896
15263.8888888889,11.30446438369
15277.7777777778,13.0057742226222
15291.6666666667,13.9504638254846
15305.5555555556,14.5827777059805
15319.4444444444,16.2292644826785
15333.3333333333,16.8345093713641
15347.2222222222,13.1019344188733
15361.1111111111,9.33678359514671
15375,11.6441277249865
15388.8888888889,10.215741044817
15402.7777777778,9.73772637919251
15416.6666666667,13.5400932520707
15430.5555555556,17.5071929798859
15444.4444444444,17.5365748923133
15458.3333333333,15.4114319777002
15472.2222222222,14.2163397214965
15486.1111111111,11.1902368923459
15500,6.70697289234914
15513.8888888889,9.14389026844563
15527.7777777778,13.4188404531665
15541.6666666667,13.0722369868454
15555.5555555556,8.70085457462336
15569.4444444444,5.4598425836794
15583.3333333333,10.6383722330574
15597.2222222222,13.2438777925347
15611.1111111111,10.4540622494733
15625,4.58801055662303
15638.8888888889,9.77274914132645
15652.7777777778,12.4845493685089
15666.6666666667,10.7558171276432
15680.5555555556,12.1247725128084
15694.4444444444,15.4521629083876
15708.3333333333,13.1376573616853
15722.2222222222,4.77319610910206
15736.1111111111,11.4696783696312
15750,13.8092222672086
15763.8888888889,14.0458037368189
15777.7777777778,13.3483821112586
15791.6666666667,9.7123251019209
15805.5555555556,10.3523311660153
15819.4444444444,10.9068339487463
15833.3333333333,1.82399342602701
15847.2222222222,10.4509730055031
15861.1111111111,12.6059354167231
15875,8.24564517680528
15888.8888888889,8.54190374264057
15902.7777777778,11.1193312671709
15916.6666666667,11.2099142942506
15930.5555555556,13.5807303094077
15944.4444444444,14.6456546547443
15958.3333333333,12.0249139732164
15972.2222222222,13.0773673880534
15986.1111111111,12.18226693868
16000,5.8153184479593
16013.8888888889,12.5043166868877
16027.7777777778,13.874817772628
16041.6666666667,9.89636342902641
16055.5555555556,1.66348457141413
16069.4444444444,6.95432322808687
16083.3333333333,7.59820640765618
16097.2222222222,3.43364737932203
16111.1111111111,5.9252946057427
16125,6.00194859063895
16138.8888888889,12.4196725817911
16152.7777777778,14.7205537509803
16166.6666666667,14.0440698109833
16180.5555555556,13.8389208017433
16194.4444444444,12.8489421514967
16208.3333333333,6.09316087945832
16222.2222222222,10.0575781573368
16236.1111111111,14.9931455658001
16250,11.7521883158229
16263.8888888889,5.55920584148321
16277.7777777778,11.8102195493603
16291.6666666667,11.4062053843705
16305.5555555556,9.87410181423653
16319.4444444444,6.39869399789536
16333.3333333333,-0.681899446539122
16347.2222222222,7.62072887394137
16361.1111111111,9.29078344877203
16375,4.4190510922273
16388.8888888889,3.51965689071338
16402.7777777778,3.72806770606147
16416.6666666667,6.51411866194031
16430.5555555556,8.61129520783271
16444.4444444444,0.900084761736612
16458.3333333333,-4.39487654862489
16472.2222222222,1.65360574357444
16486.1111111111,12.5822120548396
16500,12.8666481705601
16513.8888888889,6.00235713130454
16527.7777777778,12.3728849607247
16541.6666666667,13.7839136475723
16555.5555555556,10.7101611791042
16569.4444444444,10.0258913674948
16583.3333333333,11.6053470744417
16597.2222222222,12.3763170663414
16611.1111111111,11.3778181908068
16625,8.72522965649939
16638.8888888889,8.03472855657718
16652.7777777778,11.2252964584272
16666.6666666667,13.5875896769227
16680.5555555556,10.1755603128385
16694.4444444444,7.59912028626459
16708.3333333333,14.8231976455788
16722.2222222222,13.5982726926634
16736.1111111111,5.88564174479959
16750,7.63349392665937
16763.8888888889,2.69320230775464
16777.7777777778,6.57385890467198
16791.6666666667,7.14813828602847
16805.5555555556,4.18561830432677
16819.4444444444,8.68331889233335
16833.3333333333,6.23686150101094
16847.2222222222,-0.574633722086412
16861.1111111111,-1.37749894527769
16875,8.32241994041602
16888.8888888889,4.92851734722307
16902.7777777778,2.44370837249029
16916.6666666667,8.2328073538477
16930.5555555556,8.75973335429433
16944.4444444444,12.4193166345551
16958.3333333333,10.9770403347784
16972.2222222222,6.55109850075946
16986.1111111111,12.3323947556406
17000,18.3461100543868
17013.8888888889,19.6343713561652
17027.7777777778,15.9035097397115
17041.6666666667,9.27855333720781
17055.5555555556,8.92422374018571
17069.4444444444,4.14017128785321
17083.3333333333,4.33640013491784
17097.2222222222,5.8776406285212
17111.1111111111,3.75690205052634
17125,4.15070940453946
17138.8888888889,9.40299111904215
17152.7777777778,12.5376679578848
17166.6666666667,10.8529912162695
17180.5555555556,0.206933223820999
17194.4444444444,8.92712049503232
17208.3333333333,10.8835491342975
17222.2222222222,6.90486940694987
17236.1111111111,7.82178696151576
17250,8.1897346699193
17263.8888888889,-1.16958965588101
17277.7777777778,9.16952308278031
17291.6666666667,14.1880940584575
17305.5555555556,14.5030151814787
17319.4444444444,11.9763206891005
17333.3333333333,8.63388290299348
17347.2222222222,6.90510548848024
17361.1111111111,4.93011370459707
17375,1.92760047304417
17388.8888888889,8.12014230337101
17402.7777777778,10.0231202771353
17416.6666666667,6.473738408243
17430.5555555556,0.0230671877338425
17444.4444444444,-0.213226673454554
17458.3333333333,-0.740125008122302
17472.2222222222,2.2863832862145
17486.1111111111,8.2696801487313
17500,9.12181905746596
17513.8888888889,8.39737640853063
17527.7777777778,7.93039722023388
17541.6666666667,6.277024508618
17555.5555555556,7.5279078893518
17569.4444444444,11.63291322936
17583.3333333333,12.8123083426794
17597.2222222222,8.84156604622014
17611.1111111111,5.20296835104395
17625,4.52898387287094
17638.8888888889,-4.37065403435944
17652.7777777778,6.07762769803544
17666.6666666667,5.69312250646994
17680.5555555556,4.49330360215513
17694.4444444444,4.89607433536766
17708.3333333333,3.41816072666813
17722.2222222222,-1.81033879879545
17736.1111111111,-5.07286275017882
17750,-2.30366924985398
17763.8888888889,6.16331177134902
17777.7777777778,13.9570609207524
17791.6666666667,16.3258362997235
17805.5555555556,16.286208825625
17819.4444444444,14.4703314757672
17833.3333333333,11.0230894743906
17847.2222222222,9.44990341330006
17861.1111111111,7.53756528607922
17875,5.00768946501333
17888.8888888889,5.56025451481183
17902.7777777778,9.6189785293319
17916.6666666667,12.1958529603174
17930.5555555556,13.4317383535785
17944.4444444444,11.9872004592347
17958.3333333333,4.81068483581249
17972.2222222222,-1.29850293207241
17986.1111111111,-1.30162382353861
18000,-5.07138076523497
18013.8888888889,9.84143355394662
18027.7777777778,13.2128884768248
18041.6666666667,3.67865476278349
18055.5555555556,13.6921494060498
18069.4444444444,17.8186871902327
18083.3333333333,13.6898958791543
18097.2222222222,6.3047582628991
18111.1111111111,12.2260129826516
18125,11.8499980508246
18138.8888888889,1.71026154916564
18152.7777777778,8.79461493709223
18166.6666666667,12.7614518352891
18180.5555555556,7.58181999033303
18194.4444444444,-7.17404083183204
18208.3333333333,3.71515318360014
18222.2222222222,10.8338010680943
18236.1111111111,10.1340579481646
18250,3.63113688185041
18263.8888888889,11.7705050416306
18277.7777777778,15.9820861851921
18291.6666666667,14.2540171808605
18305.5555555556,3.08400535629342
18319.4444444444,11.1120970613809
18333.3333333333,9.58725894999572
18347.2222222222,2.97242110974189
18361.1111111111,0.992502697225792
18375,7.79218263469958
18388.8888888889,10.4877777946165
18402.7777777778,0.287505327075884
18416.6666666667,8.44792016886483
18430.5555555556,7.42458623245816
18444.4444444444,6.43080750757749
18458.3333333333,4.00992997210448
18472.2222222222,-0.789137375090619
18486.1111111111,3.52290606802085
18500,-0.786517095730536
18513.8888888889,8.75564065383714
18527.7777777778,10.1559728199513
18541.6666666667,11.2210542271453
18555.5555555556,4.9750122590422
18569.4444444444,10.6385196185092
18583.3333333333,12.8589155458705
18597.2222222222,9.18840307984617
18611.1111111111,12.3426271114768
18625,14.7828834126531
18638.8888888889,12.528702334593
18652.7777777778,2.62980081216312
18666.6666666667,10.2325059529647
18680.5555555556,14.3152360684922
18694.4444444444,15.7307472255802
18708.3333333333,12.456948288928
18722.2222222222,0.193959929266165
18736.1111111111,11.0788950775629
18750,15.9987036578044
18763.8888888889,14.159714437945
18777.7777777778,7.31097461247113
18791.6666666667,11.5654501337286
18805.5555555556,10.2585338693878
18819.4444444444,18.0485421641362
18833.3333333333,18.1773357122761
18847.2222222222,7.81016231149571
18861.1111111111,8.97693973824065
18875,4.24100826678943
18888.8888888889,9.51577679346885
18902.7777777778,11.6300753360765
18916.6666666667,4.45018009099747
18930.5555555556,-7.83054331366067
18944.4444444444,2.06926460026832
18958.3333333333,8.25942851434136
18972.2222222222,12.410791346392
18986.1111111111,13.5513715748181
19000,6.9460149882356
19013.8888888889,6.53145475869921
19027.7777777778,12.228263836029
19041.6666666667,6.98473601696071
19055.5555555556,2.47176192697746
19069.4444444444,9.10587283273503
19083.3333333333,-0.272156787876267
19097.2222222222,6.8998476292344
19111.1111111111,9.89626967484495
19125,7.39268709530423
19138.8888888889,10.3530920508708
19152.7777777778,10.1985421652028
19166.6666666667,2.82018780656745
19180.5555555556,1.32214785721111
19194.4444444444,-4.09137344021879
19208.3333333333,9.41084812005603
19222.2222222222,15.2526245714473
19236.1111111111,14.9215830669267
19250,7.32151452533558
19263.8888888889,2.61995448128292
19277.7777777778,7.32489405491653
19291.6666666667,6.14383813758282
19305.5555555556,6.68012635927912
19319.4444444444,4.8672773479823
19333.3333333333,12.2130416771921
19347.2222222222,13.0863679387257
19361.1111111111,7.35877547860462
19375,11.2725679548718
19388.8888888889,11.5333248641247
19402.7777777778,4.28730121045965
19416.6666666667,7.49538142178683
19430.5555555556,12.891038082507
19444.4444444444,15.8877012182086
19458.3333333333,14.7953446305963
19472.2222222222,12.2373347886995
19486.1111111111,11.4241375021524
19500,8.55395080475106
19513.8888888889,8.38003592033578
19527.7777777778,3.14746405022873
19541.6666666667,5.55517132419514
19555.5555555556,6.43038434907281
19569.4444444444,0.327019000099905
19583.3333333333,4.79252763862978
19597.2222222222,4.88068861353048
19611.1111111111,1.84511643561156
19625,6.06294650317067
19638.8888888889,12.6111571152022
19652.7777777778,10.1764245751782
19666.6666666667,2.58095623828642
19680.5555555556,10.5090491075494
19694.4444444444,8.69735106583105
19708.3333333333,6.48435959337841
19722.2222222222,4.26849725376288
19736.1111111111,-4.80464738865793
19750,6.06703343478067
19763.8888888889,4.97305274179106
19777.7777777778,-3.48556105611661
19791.6666666667,3.74837350704368
19805.5555555556,6.53599577092561
19819.4444444444,4.20378632141707
19833.3333333333,7.98826954915446
19847.2222222222,9.65312186003207
19861.1111111111,2.72891760017629
19875,0.765112434846915
19888.8888888889,7.24900669963647
19902.7777777778,5.95444067379925
19916.6666666667,0.342196286841548
19930.5555555556,5.91767927703822
19944.4444444444,8.71456686429095
19958.3333333333,4.87465097349091
19972.2222222222,4.61476057045237
19986.1111111111,2.76171092372875
20000,-0.901078689337477
,
,
,
,
,
,
,
,
,
,
,
,
,
,
,
,
,
,
,
,
,
,
,
,
,
,
,
,
,
,
,
,
,
,
,
,
,
,
,
,
,
,
,
,
,
,
,
,
,
,
,
,
,
,
,
,
,
,
,
,
,
,
,
,
,
,
,
,
,
,
,
,
,
,
,
,
,
,
,
,
,
,
,
,
,
,
,
,
,
,
,
,
,
,
,
,
,
,
,
,
,
,
,
,
,
,
,
,
,
,
,
,
,
,
,
,
,
,
,
,
,
,
,
,
,
,
,
,
,
,
,
,
,
,
,
,
,
,
,
,
,
,
,
,
,
,
,
,
,
,
,
,
,
,
,
,
,
,
,
,
,
,
,
,
,
,
,
,
,
,
,
,
,
,
,
,
,
,
,
,
,
,
,
,
,
,
,
,
,
,
,
,
,
,
,
,
,
,
,
,
,
,
,
,
,
,
,
,
,
,
,
,
,
,
,
,
,
,
,
,
,
,
,
,
,
,
,
,
,
,
,
,
,
,
,
,
,
,
,
,
,
,
,
,
,
,
,
,
,
,
,
,
,
,
,
,
,
,
,
,
,
,
,
,
,
,
,
,
,
,
,
,
,
,
,
,
,
,
,
,
,
,
,
,
,
,
,
,
,
,
,
,
,
,
,
,
,
,
,
,
,
,
,
,
,
,
,
,
,
,
,
,
,
,
,
,
,
,
,
,
,
,
,
,
,
,
,
,
,
,
,
,
,
,
,
,
,
,
,
,
,
,
,
,
,
,
,
,
,
,
,
,
,
,
,
,
,
,
,
,
,
,
,
,
,
,
,
,
,
,
,
,
,
,
,
,
,
,
,
,
,
,
,
,
,
,
,
,
,
,
,
,
,
,
,
,
,
,
,
,
,
,
,
,
,
,
,
,
,
,
,
,
,
,
,
,
,
,
,
,
,
,
,
,
,
,
,
,
,
,
,
,
,
,
,
,
,
,
,
,
,
,
,
,
,
,
,
,
,
,
,
,
,
,
,
,
,
,
,
,
,
,
,
,
,
,
,
,
,
,
,
,
,
,
,
,
,
,
,
,
,
,
,
,
,
,
,
,
,
,
,
,
,
,
,
,
,
,
,
,
,
,
,
,
,
,
,
,
,
,
,
,
,
,
,
,
,
,
,
,
,
,
,
,
,
,
,
,
,
,
,
,
,
,
,
,
,
,
,
,
,
,
,
,
,
,
,
,
,
,
,
,
,
,
,
,
,
,
,
,
,
,
,
,
,
,
,
,
,
,
,
,
,
,
,
,
,
,
,
,
,
,
,
,
,
,
,
,
,
,
,
,
,
,
,
,
,
,
,
,
,
,
,
,
,
,
,
,
,
,
,
,
,
,
,
,
,
,
,
,
,
,
,
,
,
,
,
,
,
,
,
,
,
,
,
,
,
,
,
,
,
,
,
,
,
,
,
,
,
,
,
,
,
,
,
,
,
,
,
,
,
,
,
,
,
,
,
,
,
,
,
,
,
,
,
,
,
,
,
,
,
,
,
,
,
,
,
,
,
,
,
,
,
,
,
,
,
,
,
,
,
,
,
,
,
,
,
,
,
,
,
,
,
,
,
,
,
,
,
,
,
,
,
,
,
,
,
,
,
,
,
,
,
,
,
,
,
,
,
,
,
,
,
,
,
,
,
,
,
,
,
,
,
,
,
,
,
,
,
,
,
,
,
,
,
,
,
,
,
,
,
,
,
,
,
,
,
,
,
,
,
,
,
,
,
,
,
,
,
,
,
,
,
,
,
,
,
,
,
,
,
,
,
,
,
,
,
,
,
,
,
,
,
,
,
,
,
,
,
,
,
,
,
,
,
,
,
,
,
,
,
,
,
,
,
,
,
,
,
,
,
,
,
,
,
,
,
,
,
,
,
,
,
,
,
,
,
,
,
,
,
,
,
,
,
,
,
,
,
,
,
,
,
,
,
,
,
,
,
,
,
,
,
,
,
,
,
,
,
,
,
,
,
,
,
,
,
,
,
,
,
,
,
,
,
,
,
,
,
,
,
,
,
,
,
,
,
,
,
,
,
,
,
,
,
,
,
,
,
,
,
,
,
,
,
,
,
,
,
,
,
,
,
,
,
,
,
,
,
,
,
,
,
,
,
,
,
,
,
,
,
,
,
,
,
,
,
,
,
,
,
,
,
,
,
,
,
,
,
,
,
,
,
,
,
,
,
,
,
,
,
,
,
,
,
,
,
,
,
,
,
,
,
,
,
,
,
,
,
,
,
,
,
,
,
,
,
,
,
,
,
,
,
,
,
,
,
,
,
,
,
,
,
,
,
,
,
,
,
,
,
,
,
,
,
,
,
,
,
,
,
,
,
,
,
,
,
,
,
,
,
,
,
,
,
,
,
,
,
,
,
,
,
,
,
,
,
,
,
,
,
,
,
,
,
,
,
,
,
,
,
,
,
,
,
,
,
,
,
,
,
,
,
,
,
,
,
,
,
,
,
,
,
,
,
,
,
,
,
,
,
,
,
,
,
,
,
,
,
,
,
,
,
,
,
,
,
,
,
,
,
,
,
,
,
,
,
,
,
,
,
,
,
,
,
,
,
,
,
,
,
,
,
,
,
,
,
,
,
,
,
,
,
,
,
,
,
,
,
,
,
,
,
,
,
,
,
,
,
,
,
,
,
,
,
,
,
,
,
,
,
,
,
,
,
,
,
,
,
,
,
,
,
,
,
,
,
,
,
,
,
,
,
,
,
,
,
,
,
,
,
,
,
,
,
,
,
,
,
,
,
,
,
,
,
,
,
,
,
,
,
,
,
,
,
,
,
,
,
,
,
,
,
,
,
,
,
,
,
,
,
,
,
,
,
,
,
,
,
,
,
,
,
,
,
,
,
,
,
,
,
,
,
,
,
,
,
,
,
,
,
,
,
,
,
,
,
,
,
,
,
,
,
,
,
,
,
,
,
,
,
,
,
,
,
,
,
,
,
,
,
,
,
,
,
,
,
,
,
,
,
,
,
,
,
,
,
,
,
,
,
,
,
,
,
,
,
,
,
,
,
,
,
,
,
,
,
,
,
,
,
,
,
,
,
,
,
,
,
,
,
,
,
,
,
,
,
,
,
,
,
,
,
,
,
,
,
,
,
,
,
,
,
,
,
,
,
,
,
,
,
,
,
,
,
,
,
,
,
,
,
,
,
,
,
,
,
,
,
,
,
,
,
,
,
,
,
,
,
,
,
,
,
,
,
,
,
,
,
,
,
,
,
,
,
,
,
,
,
,
,
,
,
,
,
,
,
,
,
,
,
,
,
,
,
,
,
,
,
,
,
,
,
,
,
,
,
,
,
,
,
,
,
,
,
,
,
,
,
,
,
,
,
,
,
,
,
,
,
,
,
,
,
,
,
,
,
,
,
,
,
,
,
,
,
,
,
,
,
,
,
,
,
,
,
,
,
,
,
,
,
,
,
,
,
,
,
,
,
,
,
,
,
,
,
,
,
,
,
,
,
,
,
,
,
,
,
,
,
,
,
,
,
,
,
,
,
,
,
,
,
,
,
,
,
,
,
,
,
,
,
,
,
,
,
,
,
,
,
,
,
,
,
,
,
,
,
,
,
,
,
,
,
,
,
,
,
,
,
,
,
,
,
,
,
,
,
,
,
,
,
,
,
,
,
,
,
,
,
,
,
,
,
,
,
,
,
,
,
,
,
,
,
,
,
,
,
,
,
,
,
,
,
,
,
,
,
,
,
,
,
,
,
,
,
,
,
,
,
,
,
,
,
,
,
,
,
,
,
,
,
,
,
,
,
,
,
,
,
,
,
,
,
,
,
,
,
,
,
,
,
,
,
,
,
,
,
,
,
,
,
,
,
,
,
,
,
,
,
,
,
,
,
,
,
,
,
,
,
,
,
,
,
,
,
,
,
,
,
,
,
,
,
,
,
,
,
,
,
,
,
,
,
,
,
,
,
,
,
,
,
,
,
,
,
,
,
,
,
,
,
,
,
,
,
,
,
,
,
,
,
,
,
,
,
,
,
,
,
,
,
,
,
,
,
,
,
,
,
,
,
,
,
,
,
,
,
,
,
,
,
,
,
,
,
,
,
,
,
,
,
,
,
,
,
,
,
,
,
,
,
,
,
,
,
,
,
,
,
,
,
,
,
,
,
,
,
,
,
,
,
,
,
,
,
,
,
,
,
,
,
,
,
,
,
,
,
,
,
,
,
,
,
,
,
,
,
,
,
,
,
,
,
,
,
,
,
,
,
,
,
,
,
,
,
,
,
,
,
,
,
,
,
,
,
,
,
,
,
,
,
,
,
,
,
,
,
,
,
,
,
,
,
,
,
,
,
,
,
,
,
,
,
,
,
,
,
,
,
,
,
,
,
,
,
,
,
,
,
,
,
,
,
,
,
,
,
,
,
,
,
,
,
,
,
,
,
,
,
,
,
,
,
,
,
,
,
,
,
,
,
,
,
,
,
,
,
,
,
,
,
,
,
,
,
,
,
,
,
,
,
,
,
,
,
,
,
,
,
,
,
,
,
,
,
,
,
,
,
,
,
,
,
,
,
,
,
,
,
,
,
,
,
,
,
,
,
,
,
,
,
,
,
,
,
,
,
,
,
,
,
,
,
,
,
,
,
,
,
,
,
,
,
,
,
,
,
,
,
,
,
,
,
,
,
,
,
,
,
,
,
,
,
,
,
,
,
,
,
,
,
,
,
,
,
,
,
,
,
,
,
,
,
,
,
,
,
,
,
,
,
,
,
,
,
,
,
,
,
,
,
,
,
,
,
,
,
,
,
,
,
,
,
,
,
,
,
,
,
,
,
,
,
,
,
,
,
,
,
,
,
,
,
,
,
,
,
,
,
,
,
,
,
,
,
,
,
,
,
,
,
,
,
,
,
,
,
,
,
,
,
,
,
,
,
,
,
,
,
,
,
,
,
,
,
,
,
,
,
,
,
,
,
,
,
,
,
,
,
,
,
,
,
,
,
,
,
,
,
,
,
,
,
,
,
,
,
,
,
,
,
,
,
,
,
,
,
,
,
,
,
,
,
,
,
,
,
,
,
,
,
,
,
,
,
,
,
,
,
,
,
,
,
,
,
,
,
,
,
,
,
,
,
,
,
,
,
,
,
,
,
,
,
,
,
,
,
,
,
,
,
,
,
,
,
,
,
,
,
,
,
,
,
,
,
,
,
,
,
,
,
,
,
,
,
,
,
,
,
,
,
,
,
,
,
,
,
,
,
,
,
,
,
,
,
,
,
,
,
,
,
,
,
,
,
,
,
,
,
,
,
,
,
,
,
,
,
,
,
,
,
,
,
,
,
,
,
,
,
,
,
,
,
,
,
,
,
,
,
,
,
,
,
,
,
,
,
,
,
,
,
,
,
,
,
,
,
,
,
,
,
,
,
,
,
,
,
,
,
,
,
,
,
,
,
,
,
,
,
,
,
,
,
,
,
,
,
,
,
,
,
,
,
,
,
,
,
,
,
,
,
,
,
,
,
,
,
,
,
,
,
,
,
,
,
,
,
,
,
,
,
,
,
,
,
,
,
,
,
,
,
,
,
,
,
,
,
,
,
,
,
,
,
,
,
,
,
,
,
,
,
,
,
,
,
,
,
,
,
,
,
,
,
,
,
,
,
,
,
,
,
,
,
,
,
,
,
,
,
,
,
,
,
,
,
,
,
,
,
,
,
,
,
,
,
,
,
,
,
,
,
,
,
,
,
,
,
,
,
,
,
,
,
,
,
,
,
,
,
,
,
,
,
,
,
,
,
,
,
,
,
,
,
,
,
,
,
,
,
,
,
,
,
,
,
,
,
,
,
,
,
,
,
,
,
,
,
,
,
,
,
,
,
,
,
,
,
,
,
,
,
,
,
,
,
,
,
,
,
,
,
,
,
,
,
,
,
,
,
,
,
,
,
,
,
,
,
,
,
,
,
,
,
,
,
,
,
,
,
,
,
,
,
,
,
,
,
,
,
,
,
,
,
,
,
,
,
,
,
,
,
,
,
,
,
,
,
,
,
,
,
,
,
,
,
,
,
,
,
,
,
,
,
,
,
,
,
,
,
,
,
,
,
,
,
,
,
,
,
,
,
,
,
,
,
,
,
,
,
,
,
,
,
,
,
,
,
,
,
,
,
,
,
,
,
,
,
,
,
,
,
,
,
,
,
,
,
,
,
,
,
,
,
,
,
,
,
,
,
,
,
,
,
,
,
,
,
,
,
,
,
,
,
,
,
,
,
,
,
,
,
,
,
,
,
,
,
,
,
,
,
,
,
,
,
,
,
,
,
,
,
,
,
,
,
,
,
,
,
,
,
,
,
,
,
,
,
,
,
,
,
,
,
,
,
,
,
,
,
,
,
,
,
,
,
,
,
,
,
,
,
,
,
,
,
,
,
,
,
,
,
,
,
,
,
,
,
,
,
,
,
,
,
,
,
,
,
,
,
,
,
,
,
,
,
,
,
,
,
,
,
,
,
,
,
,
,
,
,
,
,
,
,
,
,
,
,
,
,
,
,
,
,
,
,
,
,
,
,
,
,
,
,
,
,
,
,
,
,
,
,
,
,
,
,
,
,
,
,
,
,
,
,
,
,
,
,
,
,
,
,
,
,
,
,
,
,
,
,
,
,
,
,
,
,
,
,
,
,
,
,
,
,
,
,
,
,
,
,
,
,
,
,
,
,
,
,
,
,
,
,
,
,
,
,
,
,
,
,
,
,
,
,
,
,
,
,
,
,
,
,
,
,
,
,
,
,
,
,
,
,
,
,
,
,
,
,
,
,
,
,
,
,
,
,
,
,
,
,
,
,
,
,
,
,
,
,
,
,
,
,
,
,
,
,
,
,
,
,
,
,
,
,
,
,
,
,
,
,
,
,
,
,
,
,
,
,
,
,
,
,
,
,
,
,
,
,
,
,
,
,
,
,
,
,
,
,
,
,
,
,
,
,
,
,
,
,
,
,
,
,
,
,
,
,
,
,
,
,
,
,
,
,
,
,
,
,
,
,
,
,
,
,
,
,
,
,
,
,
,
,
,
,
,
,
,
,
,
,
,
,
,
,
,
,
,
,
,
,
,
,
,
,
,
,
,
,
,
,
,
,
,
,
,
,
,
,
,
,
,
,
,
,
,
,
,
,
,
,
,
,
,
,
,
,
,
,
,
,
,
,
,
,
,
,
,
,
,
,
,
,
,
,
,
,
,
,
,
,
,
,
,
,
,
,
,
,
,
,
,
,
,
,
,
,
,
,
,
,
,
,
,
,
,
,
,
,
,
,
,
,
,
,
,
,
,
,
,
,
,
,
,
,
,
,
,
,
,
,
,
,
,
,
,
,
,
,
,
,
,
,
,
,
,
,
,
,
,
,
,
,
,
,
,
,
,
,
,
,
,
,
,
,
,
,
,
,
,
,
,
,
,
,
,
,
,
,
,
,
,
,
,
,
,
,
,
,
,
,
,
,
,
,
,
,
,
,
,
,
,
,
,
,
,
,
,
,
,
,
,
,
,
,
,
,
,
,
,
,
,
,
,
,
,
,
,
,
,
,
,
,
,
,
,
,
,
,
,
,
,
,
,
,
,
,
,
,
,
,
,
,
,
,
,
,
,
,
,
,
,
,
,
,
,
,
,
,
,
,
,
,
,
,
,
,
,
,
,
,
,
,
,
,
,
,
,
,
,
,
,
,
,
,
,
,
,
,
,
,
,
,
,
,
,
,
,
,
,
,
,
,
,
,
,
,
,
,
,
,
,
,
,
,
,
,
,
,
,
,
,
,
,
,
,
,
,
,
,
,
,
,
,
,
,
,
,
,
,
,
,
,
,
,
,
,
,
,
,
,
,
,
,
,
,
,
,
,
,
,
,
,
,
,
,
,
,
,
,
,
,
,
,
,
,
,
,
,
,
,
,
,
,
,
,
,
,
,
,
,
,
,
,
,
,
,
,
,
,
,
,
,
,
,
,
,
,
,
,
,
,
,
,
,
,
,
,
,
,
,
,
,
,
,
,
,
,
,
,
,
,
,
,
,
,
,
,
,
,
,
,
,
,
,
,
,
,
,
,
,
,
,
,
,
,
,
,
,
,
,
,
,
,
,
,
,
,
,
,
,
,
,
,
,
,
,
,
,
,
,
,
,
,
,
,
,
,
,
,
,
,
,
,
,
,
,
,
,
,
,
,
,
,
,
,
,
,
,
,
,
,
,
,
,
,
,
,
,
,
,
,
,
,
,
,
,
,
,
,
,
,
,
,
,
,
,
,
,
,
,
,
,
,
,
,
,
,
,
,
,
,
,
,
,
,
,
,
,
,
,
,
,
,
,
,
,
,
,
,
,
,
,
,
,
,
,
,
,
,
,
,
,
,
,
,
,
,
,
,
,
,
,
,
,
,
,
,
,
,
,
,
,
,
,
,
,
,
,
,
,
,
,
,
,
,
,
,
,
,
,
,
,
,
,
,
,
,
,
,
,
,
,
,
,
,
,
,
,
,
,
,
,
,
,
,
,
,
,
,
,
,
,
,
,
,
,
,
,
,
,
,
,
,
,
,
,
,
,
,
,
,
,
,
,
,
,
,
,
,
,
,
,
,
,
,
,
,
,
,
,
,
,
,
,
,
,
,
,
,
,
,
,
,
,
,
,
,
,
,
,
,
,
,
,
,
,
,
,
,
,
,
,
,
,
,
,
,
,
,
,
,
,
,
,
,
,
,
,
,
,
,
,
,
,
,
,
,
,
,
,
,
,
,
,
,
,
,
,
,
,
,
,
,
,
,
,
,
,
,
,
,
,
,
,
,
,
,
,
,
,
,
,
,
,
,
,
,
,
,
,
,
,
,
,
,
,
,
,
,
,
,
,
,
,
,
,
,
,
,
,
,
,
,
,
,
,
,
,
,
,
,
,
,
,
,
,
,
,
,
,
,
,
,
,
,
,
,
,
,
,
,
,
,
,
,
,
,
,
,
,
,
,
,
,
,
,
,
,
,
,
,
,
,
,
,
,
,
,
,
,
,
,
,
,
,
,
,
,
,
,
,
,
,
,
,
,
,
,
,
,
,
,
,
,
,
,
,
,
,
,
,
,
,
,
,
,
,
,
,
,
,
,
,
,
,
,
,
,
,
,
,
,
,
,
,
,
,
,
,
,
,
,
,
,
,
,
,
,
,
,
,
,
,
,
,
,
,
,
,
,
,
,
,
,
,
,
,
,
,
,
,
,
,
,
,
,
,
,
,
,
,
,
,
,
,
,
,
,
,
,
,
,
,
,
,
,
,
,
,
,
,
,
,
,
,
,
,
,
,
,
,
,
,
,
,
,
,
,
,
,
,
,
,
,
,
,
,
,
,
,
,
,
,
,
,
,
,
,
,
,
,
,
,
,
,
,
,
,
,
,
,
,
,
,
,
,
,
,
,
,
,
,
,
,
,
,
,
,
,
,
,
,
,
,
,
,
,
,
,
,
,
,
,
,
,
,
,
,
,
,
,
,
,
,
,
,
,
,
,
,
,
,
,
,
,
,
,
,
,
,
,
,
,
,
,
,
,
,
,
,
,
,
,
,
,
,
,
,
,
,
,
,
,
,
,
,
,
,
,
,
,
,
,
,
,
,
,
,
,
,
,
,
,
,
,
,
,
,
,
,
,
,
,
,
,
,
,
,
,
,
,
,
,
,
,
,
,